device,dataset_kind,db_path,db_size_bytes,has_way_tile_table,probe_id,stratum,region,lat,lon,variant,distance_mode,avg_ms,p50_ms,min_ms,max_ms,generated_at_utc
"platform=iOS Simulator,OS=18.6,name=iPhone 16",baden_wuerttemberg_v4,/Users/raphaelvolz/Github/youspeed.de/mapdata/dist-v4/baden-wuerttemberg-bench/speeds_v4.sqlite,502030336,true,gernsbach_low_gps_start,urban_dense_low_gps,karlsruhe-regbez,48.7630398,8.3375173,v1,bbox,72.8,44.28,43.28,187.66,2026-05-02T10:57:54Z
"platform=iOS Simulator,OS=18.6,name=iPhone 16",baden_wuerttemberg_v4,/Users/raphaelvolz/Github/youspeed.de/mapdata/dist-v4/baden-wuerttemberg-bench/speeds_v4.sqlite,502030336,true,gernsbach_low_gps_start,urban_dense_low_gps,karlsruhe-regbez,48.7630398,8.3375173,v1,hybrid,46.72,46.66,46.23,47.38,2026-05-02T10:57:54Z
"platform=iOS Simulator,OS=18.6,name=iPhone 16",baden_wuerttemberg_v4,/Users/raphaelvolz/Github/youspeed.de/mapdata/dist-v4/baden-wuerttemberg-bench/speeds_v4.sqlite,502030336,true,gernsbach_low_gps_start,urban_dense_low_gps,karlsruhe-regbez,48.7630398,8.3375173,v1,polycontainment,1.5,1.08,1.05,3.17,2026-05-02T10:57:54Z
"platform=iOS Simulator,OS=18.6,name=iPhone 16",baden_wuerttemberg_v4,/Users/raphaelvolz/Github/youspeed.de/mapdata/dist-v4/baden-wuerttemberg-bench/speeds_v4.sqlite,502030336,true,gernsbach_low_gps_start,urban_dense_low_gps,karlsruhe-regbez,48.7630398,8.3375173,v1,polyline,50.92,52.05,47.83,53.57,2026-05-02T10:57:54Z
"platform=iOS Simulator,OS=18.6,name=iPhone 16",baden_wuerttemberg_v4,/Users/raphaelvolz/Github/youspeed.de/mapdata/dist-v4/baden-wuerttemberg-bench/speeds_v4.sqlite,502030336,true,gernsbach_low_gps_start,urban_dense_low_gps,karlsruhe-regbez,48.7630398,8.3375173,v2,bbox,4.52,3.94,3.82,6.93,2026-05-02T10:57:54Z
"platform=iOS Simulator,OS=18.6,name=iPhone 16",baden_wuerttemberg_v4,/Users/raphaelvolz/Github/youspeed.de/mapdata/dist-v4/baden-wuerttemberg-bench/speeds_v4.sqlite,502030336,true,gernsbach_low_gps_start,urban_dense_low_gps,karlsruhe-regbez,48.7630398,8.3375173,v2,hybrid,6.32,6.32,6.21,6.42,2026-05-02T10:57:54Z
"platform=iOS Simulator,OS=18.6,name=iPhone 16",baden_wuerttemberg_v4,/Users/raphaelvolz/Github/youspeed.de/mapdata/dist-v4/baden-wuerttemberg-bench/speeds_v4.sqlite,502030336,true,gernsbach_low_gps_start,urban_dense_low_gps,karlsruhe-regbez,48.7630398,8.3375173,v2,polycontainment,1.08,1.07,1.06,1.14,2026-05-02T10:57:54Z
"platform=iOS Simulator,OS=18.6,name=iPhone 16",baden_wuerttemberg_v4,/Users/raphaelvolz/Github/youspeed.de/mapdata/dist-v4/baden-wuerttemberg-bench/speeds_v4.sqlite,502030336,true,gernsbach_low_gps_start,urban_dense_low_gps,karlsruhe-regbez,48.7630398,8.3375173,v2,polyline,8.8,8.79,8.77,8.86,2026-05-02T10:57:54Z
"platform=iOS Simulator,OS=18.6,name=iPhone 16",baden_wuerttemberg_v4,/Users/raphaelvolz/Github/youspeed.de/mapdata/dist-v4/baden-wuerttemberg-bench/speeds_v4.sqlite,502030336,true,gernsbach_low_gps_start,urban_dense_low_gps,karlsruhe-regbez,48.7630398,8.3375173,v3,bbox,2.88,2.25,2.17,5.44,2026-05-02T10:57:54Z
"platform=iOS Simulator,OS=18.6,name=iPhone 16",baden_wuerttemberg_v4,/Users/raphaelvolz/Github/youspeed.de/mapdata/dist-v4/baden-wuerttemberg-bench/speeds_v4.sqlite,502030336,true,gernsbach_low_gps_start,urban_dense_low_gps,karlsruhe-regbez,48.7630398,8.3375173,v3,hybrid,4.82,4.83,4.78,4.86,2026-05-02T10:57:54Z
"platform=iOS Simulator,OS=18.6,name=iPhone 16",baden_wuerttemberg_v4,/Users/raphaelvolz/Github/youspeed.de/mapdata/dist-v4/baden-wuerttemberg-bench/speeds_v4.sqlite,502030336,true,gernsbach_low_gps_start,urban_dense_low_gps,karlsruhe-regbez,48.7630398,8.3375173,v3,polycontainment,1.1,1.08,1.05,1.17,2026-05-02T10:57:54Z
"platform=iOS Simulator,OS=18.6,name=iPhone 16",baden_wuerttemberg_v4,/Users/raphaelvolz/Github/youspeed.de/mapdata/dist-v4/baden-wuerttemberg-bench/speeds_v4.sqlite,502030336,true,gernsbach_low_gps_start,urban_dense_low_gps,karlsruhe-regbez,48.7630398,8.3375173,v3,polyline,7.48,7.42,7.32,7.68,2026-05-02T10:57:54Z
"platform=iOS Simulator,OS=18.6,name=iPhone 16",baden_wuerttemberg_v4,/Users/raphaelvolz/Github/youspeed.de/mapdata/dist-v4/baden-wuerttemberg-bench/speeds_v4.sqlite,502030336,true,gernsbach_low_gps_start,urban_dense_low_gps,karlsruhe-regbez,48.7630398,8.3375173,v4,bbox,15.09,5.99,5.88,51.59,2026-05-02T10:57:54Z
"platform=iOS Simulator,OS=18.6,name=iPhone 16",baden_wuerttemberg_v4,/Users/raphaelvolz/Github/youspeed.de/mapdata/dist-v4/baden-wuerttemberg-bench/speeds_v4.sqlite,502030336,true,gernsbach_low_gps_start,urban_dense_low_gps,karlsruhe-regbez,48.7630398,8.3375173,v4,hybrid,8.85,8.85,8.6,9.23,2026-05-02T10:57:54Z
"platform=iOS Simulator,OS=18.6,name=iPhone 16",baden_wuerttemberg_v4,/Users/raphaelvolz/Github/youspeed.de/mapdata/dist-v4/baden-wuerttemberg-bench/speeds_v4.sqlite,502030336,true,gernsbach_low_gps_start,urban_dense_low_gps,karlsruhe-regbez,48.7630398,8.3375173,v4,polycontainment,1.25,1.12,1.1,1.82,2026-05-02T10:57:54Z
"platform=iOS Simulator,OS=18.6,name=iPhone 16",baden_wuerttemberg_v4,/Users/raphaelvolz/Github/youspeed.de/mapdata/dist-v4/baden-wuerttemberg-bench/speeds_v4.sqlite,502030336,true,gernsbach_low_gps_start,urban_dense_low_gps,karlsruhe-regbez,48.7630398,8.3375173,v4,polyline,11.06,11.03,10.79,11.28,2026-05-02T10:57:54Z
"platform=iOS Simulator,OS=18.6,name=iPhone 16",baden_wuerttemberg_v4,/Users/raphaelvolz/Github/youspeed.de/mapdata/dist-v4/baden-wuerttemberg-bench/speeds_v4.sqlite,502030336,true,gernsbach_same_name_parallel,urban_same_name_parallel,karlsruhe-regbez,48.7683984,8.3358246,v1,bbox,48.6,47.12,42.86,62.25,2026-05-02T10:57:55Z
"platform=iOS Simulator,OS=18.6,name=iPhone 16",baden_wuerttemberg_v4,/Users/raphaelvolz/Github/youspeed.de/mapdata/dist-v4/baden-wuerttemberg-bench/speeds_v4.sqlite,502030336,true,gernsbach_same_name_parallel,urban_same_name_parallel,karlsruhe-regbez,48.7683984,8.3358246,v1,hybrid,48.23,48.54,45.3,52.32,2026-05-02T10:57:55Z
"platform=iOS Simulator,OS=18.6,name=iPhone 16",baden_wuerttemberg_v4,/Users/raphaelvolz/Github/youspeed.de/mapdata/dist-v4/baden-wuerttemberg-bench/speeds_v4.sqlite,502030336,true,gernsbach_same_name_parallel,urban_same_name_parallel,karlsruhe-regbez,48.7683984,8.3358246,v1,polycontainment,1.1,1.05,1.05,1.23,2026-05-02T10:57:55Z
"platform=iOS Simulator,OS=18.6,name=iPhone 16",baden_wuerttemberg_v4,/Users/raphaelvolz/Github/youspeed.de/mapdata/dist-v4/baden-wuerttemberg-bench/speeds_v4.sqlite,502030336,true,gernsbach_same_name_parallel,urban_same_name_parallel,karlsruhe-regbez,48.7683984,8.3358246,v1,polyline,48.46,47.85,47.4,50.02,2026-05-02T10:57:55Z
"platform=iOS Simulator,OS=18.6,name=iPhone 16",baden_wuerttemberg_v4,/Users/raphaelvolz/Github/youspeed.de/mapdata/dist-v4/baden-wuerttemberg-bench/speeds_v4.sqlite,502030336,true,gernsbach_same_name_parallel,urban_same_name_parallel,karlsruhe-regbez,48.7683984,8.3358246,v2,bbox,3.91,3.82,3.75,4.32,2026-05-02T10:57:55Z
"platform=iOS Simulator,OS=18.6,name=iPhone 16",baden_wuerttemberg_v4,/Users/raphaelvolz/Github/youspeed.de/mapdata/dist-v4/baden-wuerttemberg-bench/speeds_v4.sqlite,502030336,true,gernsbach_same_name_parallel,urban_same_name_parallel,karlsruhe-regbez,48.7683984,8.3358246,v2,hybrid,6.2,6.21,6.18,6.21,2026-05-02T10:57:55Z
"platform=iOS Simulator,OS=18.6,name=iPhone 16",baden_wuerttemberg_v4,/Users/raphaelvolz/Github/youspeed.de/mapdata/dist-v4/baden-wuerttemberg-bench/speeds_v4.sqlite,502030336,true,gernsbach_same_name_parallel,urban_same_name_parallel,karlsruhe-regbez,48.7683984,8.3358246,v2,polycontainment,1.09,1.07,1.07,1.16,2026-05-02T10:57:55Z
"platform=iOS Simulator,OS=18.6,name=iPhone 16",baden_wuerttemberg_v4,/Users/raphaelvolz/Github/youspeed.de/mapdata/dist-v4/baden-wuerttemberg-bench/speeds_v4.sqlite,502030336,true,gernsbach_same_name_parallel,urban_same_name_parallel,karlsruhe-regbez,48.7683984,8.3358246,v2,polyline,8.55,8.53,8.44,8.77,2026-05-02T10:57:55Z
"platform=iOS Simulator,OS=18.6,name=iPhone 16",baden_wuerttemberg_v4,/Users/raphaelvolz/Github/youspeed.de/mapdata/dist-v4/baden-wuerttemberg-bench/speeds_v4.sqlite,502030336,true,gernsbach_same_name_parallel,urban_same_name_parallel,karlsruhe-regbez,48.7683984,8.3358246,v3,bbox,2.01,1.96,1.93,2.2,2026-05-02T10:57:55Z
"platform=iOS Simulator,OS=18.6,name=iPhone 16",baden_wuerttemberg_v4,/Users/raphaelvolz/Github/youspeed.de/mapdata/dist-v4/baden-wuerttemberg-bench/speeds_v4.sqlite,502030336,true,gernsbach_same_name_parallel,urban_same_name_parallel,karlsruhe-regbez,48.7683984,8.3358246,v3,hybrid,4.37,4.39,4.31,4.43,2026-05-02T10:57:55Z
"platform=iOS Simulator,OS=18.6,name=iPhone 16",baden_wuerttemberg_v4,/Users/raphaelvolz/Github/youspeed.de/mapdata/dist-v4/baden-wuerttemberg-bench/speeds_v4.sqlite,502030336,true,gernsbach_same_name_parallel,urban_same_name_parallel,karlsruhe-regbez,48.7683984,8.3358246,v3,polycontainment,1.07,1.06,1.05,1.14,2026-05-02T10:57:55Z
"platform=iOS Simulator,OS=18.6,name=iPhone 16",baden_wuerttemberg_v4,/Users/raphaelvolz/Github/youspeed.de/mapdata/dist-v4/baden-wuerttemberg-bench/speeds_v4.sqlite,502030336,true,gernsbach_same_name_parallel,urban_same_name_parallel,karlsruhe-regbez,48.7683984,8.3358246,v3,polyline,6.67,6.68,6.61,6.73,2026-05-02T10:57:55Z
"platform=iOS Simulator,OS=18.6,name=iPhone 16",baden_wuerttemberg_v4,/Users/raphaelvolz/Github/youspeed.de/mapdata/dist-v4/baden-wuerttemberg-bench/speeds_v4.sqlite,502030336,true,gernsbach_same_name_parallel,urban_same_name_parallel,karlsruhe-regbez,48.7683984,8.3358246,v4,bbox,5.71,5.65,5.61,5.82,2026-05-02T10:57:55Z
"platform=iOS Simulator,OS=18.6,name=iPhone 16",baden_wuerttemberg_v4,/Users/raphaelvolz/Github/youspeed.de/mapdata/dist-v4/baden-wuerttemberg-bench/speeds_v4.sqlite,502030336,true,gernsbach_same_name_parallel,urban_same_name_parallel,karlsruhe-regbez,48.7683984,8.3358246,v4,hybrid,8.28,8.36,8.05,8.42,2026-05-02T10:57:55Z
"platform=iOS Simulator,OS=18.6,name=iPhone 16",baden_wuerttemberg_v4,/Users/raphaelvolz/Github/youspeed.de/mapdata/dist-v4/baden-wuerttemberg-bench/speeds_v4.sqlite,502030336,true,gernsbach_same_name_parallel,urban_same_name_parallel,karlsruhe-regbez,48.7683984,8.3358246,v4,polycontainment,1.14,1.12,1.1,1.23,2026-05-02T10:57:55Z
"platform=iOS Simulator,OS=18.6,name=iPhone 16",baden_wuerttemberg_v4,/Users/raphaelvolz/Github/youspeed.de/mapdata/dist-v4/baden-wuerttemberg-bench/speeds_v4.sqlite,502030336,true,gernsbach_same_name_parallel,urban_same_name_parallel,karlsruhe-regbez,48.7683984,8.3358246,v4,polyline,10.4,10.35,10.24,10.8,2026-05-02T10:57:55Z
"platform=iOS Simulator,OS=18.6,name=iPhone 16",baden_wuerttemberg_v4,/Users/raphaelvolz/Github/youspeed.de/mapdata/dist-v4/baden-wuerttemberg-bench/speeds_v4.sqlite,502030336,true,gernsbach_urban_transition,urban_transition,karlsruhe-regbez,48.7697322,8.3371191,v1,bbox,43.31,43.02,42.72,44.21,2026-05-02T10:57:56Z
"platform=iOS Simulator,OS=18.6,name=iPhone 16",baden_wuerttemberg_v4,/Users/raphaelvolz/Github/youspeed.de/mapdata/dist-v4/baden-wuerttemberg-bench/speeds_v4.sqlite,502030336,true,gernsbach_urban_transition,urban_transition,karlsruhe-regbez,48.7697322,8.3371191,v1,hybrid,46.06,45.59,45.53,46.84,2026-05-02T10:57:56Z
"platform=iOS Simulator,OS=18.6,name=iPhone 16",baden_wuerttemberg_v4,/Users/raphaelvolz/Github/youspeed.de/mapdata/dist-v4/baden-wuerttemberg-bench/speeds_v4.sqlite,502030336,true,gernsbach_urban_transition,urban_transition,karlsruhe-regbez,48.7697322,8.3371191,v1,polycontainment,1.42,1.31,1.28,1.87,2026-05-02T10:57:56Z
"platform=iOS Simulator,OS=18.6,name=iPhone 16",baden_wuerttemberg_v4,/Users/raphaelvolz/Github/youspeed.de/mapdata/dist-v4/baden-wuerttemberg-bench/speeds_v4.sqlite,502030336,true,gernsbach_urban_transition,urban_transition,karlsruhe-regbez,48.7697322,8.3371191,v1,polyline,47.7,47.32,47.05,49.4,2026-05-02T10:57:56Z
"platform=iOS Simulator,OS=18.6,name=iPhone 16",baden_wuerttemberg_v4,/Users/raphaelvolz/Github/youspeed.de/mapdata/dist-v4/baden-wuerttemberg-bench/speeds_v4.sqlite,502030336,true,gernsbach_urban_transition,urban_transition,karlsruhe-regbez,48.7697322,8.3371191,v2,bbox,3.7,3.68,3.59,3.91,2026-05-02T10:57:56Z
"platform=iOS Simulator,OS=18.6,name=iPhone 16",baden_wuerttemberg_v4,/Users/raphaelvolz/Github/youspeed.de/mapdata/dist-v4/baden-wuerttemberg-bench/speeds_v4.sqlite,502030336,true,gernsbach_urban_transition,urban_transition,karlsruhe-regbez,48.7697322,8.3371191,v2,hybrid,6.02,6.04,5.91,6.08,2026-05-02T10:57:56Z
"platform=iOS Simulator,OS=18.6,name=iPhone 16",baden_wuerttemberg_v4,/Users/raphaelvolz/Github/youspeed.de/mapdata/dist-v4/baden-wuerttemberg-bench/speeds_v4.sqlite,502030336,true,gernsbach_urban_transition,urban_transition,karlsruhe-regbez,48.7697322,8.3371191,v2,polycontainment,1.32,1.3,1.29,1.36,2026-05-02T10:57:56Z
"platform=iOS Simulator,OS=18.6,name=iPhone 16",baden_wuerttemberg_v4,/Users/raphaelvolz/Github/youspeed.de/mapdata/dist-v4/baden-wuerttemberg-bench/speeds_v4.sqlite,502030336,true,gernsbach_urban_transition,urban_transition,karlsruhe-regbez,48.7697322,8.3371191,v2,polyline,8.18,8.19,8.13,8.22,2026-05-02T10:57:56Z
"platform=iOS Simulator,OS=18.6,name=iPhone 16",baden_wuerttemberg_v4,/Users/raphaelvolz/Github/youspeed.de/mapdata/dist-v4/baden-wuerttemberg-bench/speeds_v4.sqlite,502030336,true,gernsbach_urban_transition,urban_transition,karlsruhe-regbez,48.7697322,8.3371191,v3,bbox,1.98,1.92,1.9,2.17,2026-05-02T10:57:56Z
"platform=iOS Simulator,OS=18.6,name=iPhone 16",baden_wuerttemberg_v4,/Users/raphaelvolz/Github/youspeed.de/mapdata/dist-v4/baden-wuerttemberg-bench/speeds_v4.sqlite,502030336,true,gernsbach_urban_transition,urban_transition,karlsruhe-regbez,48.7697322,8.3371191,v3,hybrid,4.32,4.32,4.27,4.39,2026-05-02T10:57:56Z
"platform=iOS Simulator,OS=18.6,name=iPhone 16",baden_wuerttemberg_v4,/Users/raphaelvolz/Github/youspeed.de/mapdata/dist-v4/baden-wuerttemberg-bench/speeds_v4.sqlite,502030336,true,gernsbach_urban_transition,urban_transition,karlsruhe-regbez,48.7697322,8.3371191,v3,polycontainment,1.3,1.28,1.27,1.36,2026-05-02T10:57:56Z
"platform=iOS Simulator,OS=18.6,name=iPhone 16",baden_wuerttemberg_v4,/Users/raphaelvolz/Github/youspeed.de/mapdata/dist-v4/baden-wuerttemberg-bench/speeds_v4.sqlite,502030336,true,gernsbach_urban_transition,urban_transition,karlsruhe-regbez,48.7697322,8.3371191,v3,polyline,6.51,6.5,6.47,6.55,2026-05-02T10:57:56Z
"platform=iOS Simulator,OS=18.6,name=iPhone 16",baden_wuerttemberg_v4,/Users/raphaelvolz/Github/youspeed.de/mapdata/dist-v4/baden-wuerttemberg-bench/speeds_v4.sqlite,502030336,true,gernsbach_urban_transition,urban_transition,karlsruhe-regbez,48.7697322,8.3371191,v4,bbox,5.55,5.46,5.4,5.95,2026-05-02T10:57:56Z
"platform=iOS Simulator,OS=18.6,name=iPhone 16",baden_wuerttemberg_v4,/Users/raphaelvolz/Github/youspeed.de/mapdata/dist-v4/baden-wuerttemberg-bench/speeds_v4.sqlite,502030336,true,gernsbach_urban_transition,urban_transition,karlsruhe-regbez,48.7697322,8.3371191,v4,hybrid,7.92,7.97,7.7,7.99,2026-05-02T10:57:56Z
"platform=iOS Simulator,OS=18.6,name=iPhone 16",baden_wuerttemberg_v4,/Users/raphaelvolz/Github/youspeed.de/mapdata/dist-v4/baden-wuerttemberg-bench/speeds_v4.sqlite,502030336,true,gernsbach_urban_transition,urban_transition,karlsruhe-regbez,48.7697322,8.3371191,v4,polycontainment,1.35,1.33,1.32,1.44,2026-05-02T10:57:56Z
"platform=iOS Simulator,OS=18.6,name=iPhone 16",baden_wuerttemberg_v4,/Users/raphaelvolz/Github/youspeed.de/mapdata/dist-v4/baden-wuerttemberg-bench/speeds_v4.sqlite,502030336,true,gernsbach_urban_transition,urban_transition,karlsruhe-regbez,48.7697322,8.3371191,v4,polyline,10.03,10.03,9.89,10.16,2026-05-02T10:57:56Z
"platform=iOS Simulator,OS=18.6,name=iPhone 16",baden_wuerttemberg_v4,/Users/raphaelvolz/Github/youspeed.de/mapdata/dist-v4/baden-wuerttemberg-bench/speeds_v4.sqlite,502030336,true,gernsbach_regional_ref,regional_arterial_ref,karlsruhe-regbez,48.7719407,8.3394489,v1,bbox,43.37,43.2,42.73,44.59,2026-05-02T10:57:57Z
"platform=iOS Simulator,OS=18.6,name=iPhone 16",baden_wuerttemberg_v4,/Users/raphaelvolz/Github/youspeed.de/mapdata/dist-v4/baden-wuerttemberg-bench/speeds_v4.sqlite,502030336,true,gernsbach_regional_ref,regional_arterial_ref,karlsruhe-regbez,48.7719407,8.3394489,v1,hybrid,45.12,45.11,44.89,45.32,2026-05-02T10:57:57Z
"platform=iOS Simulator,OS=18.6,name=iPhone 16",baden_wuerttemberg_v4,/Users/raphaelvolz/Github/youspeed.de/mapdata/dist-v4/baden-wuerttemberg-bench/speeds_v4.sqlite,502030336,true,gernsbach_regional_ref,regional_arterial_ref,karlsruhe-regbez,48.7719407,8.3394489,v1,polycontainment,1.29,1.27,1.26,1.41,2026-05-02T10:57:57Z
"platform=iOS Simulator,OS=18.6,name=iPhone 16",baden_wuerttemberg_v4,/Users/raphaelvolz/Github/youspeed.de/mapdata/dist-v4/baden-wuerttemberg-bench/speeds_v4.sqlite,502030336,true,gernsbach_regional_ref,regional_arterial_ref,karlsruhe-regbez,48.7719407,8.3394489,v1,polyline,47.16,47.02,46.95,47.59,2026-05-02T10:57:57Z
"platform=iOS Simulator,OS=18.6,name=iPhone 16",baden_wuerttemberg_v4,/Users/raphaelvolz/Github/youspeed.de/mapdata/dist-v4/baden-wuerttemberg-bench/speeds_v4.sqlite,502030336,true,gernsbach_regional_ref,regional_arterial_ref,karlsruhe-regbez,48.7719407,8.3394489,v2,bbox,3.59,3.55,3.48,3.84,2026-05-02T10:57:57Z
"platform=iOS Simulator,OS=18.6,name=iPhone 16",baden_wuerttemberg_v4,/Users/raphaelvolz/Github/youspeed.de/mapdata/dist-v4/baden-wuerttemberg-bench/speeds_v4.sqlite,502030336,true,gernsbach_regional_ref,regional_arterial_ref,karlsruhe-regbez,48.7719407,8.3394489,v2,hybrid,5.86,5.87,5.79,5.9,2026-05-02T10:57:57Z
"platform=iOS Simulator,OS=18.6,name=iPhone 16",baden_wuerttemberg_v4,/Users/raphaelvolz/Github/youspeed.de/mapdata/dist-v4/baden-wuerttemberg-bench/speeds_v4.sqlite,502030336,true,gernsbach_regional_ref,regional_arterial_ref,karlsruhe-regbez,48.7719407,8.3394489,v2,polycontainment,1.27,1.26,1.24,1.33,2026-05-02T10:57:57Z
"platform=iOS Simulator,OS=18.6,name=iPhone 16",baden_wuerttemberg_v4,/Users/raphaelvolz/Github/youspeed.de/mapdata/dist-v4/baden-wuerttemberg-bench/speeds_v4.sqlite,502030336,true,gernsbach_regional_ref,regional_arterial_ref,karlsruhe-regbez,48.7719407,8.3394489,v2,polyline,7.9,7.89,7.87,7.97,2026-05-02T10:57:57Z
"platform=iOS Simulator,OS=18.6,name=iPhone 16",baden_wuerttemberg_v4,/Users/raphaelvolz/Github/youspeed.de/mapdata/dist-v4/baden-wuerttemberg-bench/speeds_v4.sqlite,502030336,true,gernsbach_regional_ref,regional_arterial_ref,karlsruhe-regbez,48.7719407,8.3394489,v3,bbox,1.94,1.9,1.87,2.1,2026-05-02T10:57:57Z
"platform=iOS Simulator,OS=18.6,name=iPhone 16",baden_wuerttemberg_v4,/Users/raphaelvolz/Github/youspeed.de/mapdata/dist-v4/baden-wuerttemberg-bench/speeds_v4.sqlite,502030336,true,gernsbach_regional_ref,regional_arterial_ref,karlsruhe-regbez,48.7719407,8.3394489,v3,hybrid,4.23,4.22,4.21,4.26,2026-05-02T10:57:57Z
"platform=iOS Simulator,OS=18.6,name=iPhone 16",baden_wuerttemberg_v4,/Users/raphaelvolz/Github/youspeed.de/mapdata/dist-v4/baden-wuerttemberg-bench/speeds_v4.sqlite,502030336,true,gernsbach_regional_ref,regional_arterial_ref,karlsruhe-regbez,48.7719407,8.3394489,v3,polycontainment,1.27,1.26,1.25,1.32,2026-05-02T10:57:57Z
"platform=iOS Simulator,OS=18.6,name=iPhone 16",baden_wuerttemberg_v4,/Users/raphaelvolz/Github/youspeed.de/mapdata/dist-v4/baden-wuerttemberg-bench/speeds_v4.sqlite,502030336,true,gernsbach_regional_ref,regional_arterial_ref,karlsruhe-regbez,48.7719407,8.3394489,v3,polyline,6.22,6.21,6.18,6.25,2026-05-02T10:57:57Z
"platform=iOS Simulator,OS=18.6,name=iPhone 16",baden_wuerttemberg_v4,/Users/raphaelvolz/Github/youspeed.de/mapdata/dist-v4/baden-wuerttemberg-bench/speeds_v4.sqlite,502030336,true,gernsbach_regional_ref,regional_arterial_ref,karlsruhe-regbez,48.7719407,8.3394489,v4,bbox,5.56,5.65,5.13,5.94,2026-05-02T10:57:57Z
"platform=iOS Simulator,OS=18.6,name=iPhone 16",baden_wuerttemberg_v4,/Users/raphaelvolz/Github/youspeed.de/mapdata/dist-v4/baden-wuerttemberg-bench/speeds_v4.sqlite,502030336,true,gernsbach_regional_ref,regional_arterial_ref,karlsruhe-regbez,48.7719407,8.3394489,v4,hybrid,8.7,8.02,7.76,11.51,2026-05-02T10:57:57Z
"platform=iOS Simulator,OS=18.6,name=iPhone 16",baden_wuerttemberg_v4,/Users/raphaelvolz/Github/youspeed.de/mapdata/dist-v4/baden-wuerttemberg-bench/speeds_v4.sqlite,502030336,true,gernsbach_regional_ref,regional_arterial_ref,karlsruhe-regbez,48.7719407,8.3394489,v4,polycontainment,1.36,1.35,1.33,1.46,2026-05-02T10:57:57Z
"platform=iOS Simulator,OS=18.6,name=iPhone 16",baden_wuerttemberg_v4,/Users/raphaelvolz/Github/youspeed.de/mapdata/dist-v4/baden-wuerttemberg-bench/speeds_v4.sqlite,502030336,true,gernsbach_regional_ref,regional_arterial_ref,karlsruhe-regbez,48.7719407,8.3394489,v4,polyline,9.93,9.86,9.73,10.14,2026-05-02T10:57:57Z
"platform=iOS Simulator,OS=18.6,name=iPhone 16",baden_wuerttemberg_v4,/Users/raphaelvolz/Github/youspeed.de/mapdata/dist-v4/baden-wuerttemberg-bench/speeds_v4.sqlite,502030336,true,pforzheim_low_speed_start,low_speed_intersection,karlsruhe-regbez,48.8800067,8.7178683,v1,bbox,53.71,49.16,47.59,70.06,2026-05-02T10:57:58Z
"platform=iOS Simulator,OS=18.6,name=iPhone 16",baden_wuerttemberg_v4,/Users/raphaelvolz/Github/youspeed.de/mapdata/dist-v4/baden-wuerttemberg-bench/speeds_v4.sqlite,502030336,true,pforzheim_low_speed_start,low_speed_intersection,karlsruhe-regbez,48.8800067,8.7178683,v1,hybrid,52.88,51.73,50.26,58.7,2026-05-02T10:57:58Z
"platform=iOS Simulator,OS=18.6,name=iPhone 16",baden_wuerttemberg_v4,/Users/raphaelvolz/Github/youspeed.de/mapdata/dist-v4/baden-wuerttemberg-bench/speeds_v4.sqlite,502030336,true,pforzheim_low_speed_start,low_speed_intersection,karlsruhe-regbez,48.8800067,8.7178683,v1,polycontainment,1.04,0.77,0.77,2.1,2026-05-02T10:57:58Z
"platform=iOS Simulator,OS=18.6,name=iPhone 16",baden_wuerttemberg_v4,/Users/raphaelvolz/Github/youspeed.de/mapdata/dist-v4/baden-wuerttemberg-bench/speeds_v4.sqlite,502030336,true,pforzheim_low_speed_start,low_speed_intersection,karlsruhe-regbez,48.8800067,8.7178683,v1,polyline,50.37,50.1,49.77,51.8,2026-05-02T10:57:58Z
"platform=iOS Simulator,OS=18.6,name=iPhone 16",baden_wuerttemberg_v4,/Users/raphaelvolz/Github/youspeed.de/mapdata/dist-v4/baden-wuerttemberg-bench/speeds_v4.sqlite,502030336,true,pforzheim_low_speed_start,low_speed_intersection,karlsruhe-regbez,48.8800067,8.7178683,v2,bbox,7.51,7.03,6.06,9.51,2026-05-02T10:57:58Z
"platform=iOS Simulator,OS=18.6,name=iPhone 16",baden_wuerttemberg_v4,/Users/raphaelvolz/Github/youspeed.de/mapdata/dist-v4/baden-wuerttemberg-bench/speeds_v4.sqlite,502030336,true,pforzheim_low_speed_start,low_speed_intersection,karlsruhe-regbez,48.8800067,8.7178683,v2,hybrid,8.76,8.45,8.3,9.59,2026-05-02T10:57:58Z
"platform=iOS Simulator,OS=18.6,name=iPhone 16",baden_wuerttemberg_v4,/Users/raphaelvolz/Github/youspeed.de/mapdata/dist-v4/baden-wuerttemberg-bench/speeds_v4.sqlite,502030336,true,pforzheim_low_speed_start,low_speed_intersection,karlsruhe-regbez,48.8800067,8.7178683,v2,polycontainment,0.88,0.77,0.76,1.31,2026-05-02T10:57:58Z
"platform=iOS Simulator,OS=18.6,name=iPhone 16",baden_wuerttemberg_v4,/Users/raphaelvolz/Github/youspeed.de/mapdata/dist-v4/baden-wuerttemberg-bench/speeds_v4.sqlite,502030336,true,pforzheim_low_speed_start,low_speed_intersection,karlsruhe-regbez,48.8800067,8.7178683,v2,polyline,10.4,10.23,10.22,10.78,2026-05-02T10:57:58Z
"platform=iOS Simulator,OS=18.6,name=iPhone 16",baden_wuerttemberg_v4,/Users/raphaelvolz/Github/youspeed.de/mapdata/dist-v4/baden-wuerttemberg-bench/speeds_v4.sqlite,502030336,true,pforzheim_low_speed_start,low_speed_intersection,karlsruhe-regbez,48.8800067,8.7178683,v3,bbox,2.38,2.65,1.65,3.11,2026-05-02T10:57:58Z
"platform=iOS Simulator,OS=18.6,name=iPhone 16",baden_wuerttemberg_v4,/Users/raphaelvolz/Github/youspeed.de/mapdata/dist-v4/baden-wuerttemberg-bench/speeds_v4.sqlite,502030336,true,pforzheim_low_speed_start,low_speed_intersection,karlsruhe-regbez,48.8800067,8.7178683,v3,hybrid,4.16,4.02,3.97,4.77,2026-05-02T10:57:58Z
"platform=iOS Simulator,OS=18.6,name=iPhone 16",baden_wuerttemberg_v4,/Users/raphaelvolz/Github/youspeed.de/mapdata/dist-v4/baden-wuerttemberg-bench/speeds_v4.sqlite,502030336,true,pforzheim_low_speed_start,low_speed_intersection,karlsruhe-regbez,48.8800067,8.7178683,v3,polycontainment,0.79,0.77,0.76,0.86,2026-05-02T10:57:58Z
"platform=iOS Simulator,OS=18.6,name=iPhone 16",baden_wuerttemberg_v4,/Users/raphaelvolz/Github/youspeed.de/mapdata/dist-v4/baden-wuerttemberg-bench/speeds_v4.sqlite,502030336,true,pforzheim_low_speed_start,low_speed_intersection,karlsruhe-regbez,48.8800067,8.7178683,v3,polyline,6.05,5.91,5.88,6.65,2026-05-02T10:57:58Z
"platform=iOS Simulator,OS=18.6,name=iPhone 16",baden_wuerttemberg_v4,/Users/raphaelvolz/Github/youspeed.de/mapdata/dist-v4/baden-wuerttemberg-bench/speeds_v4.sqlite,502030336,true,pforzheim_low_speed_start,low_speed_intersection,karlsruhe-regbez,48.8800067,8.7178683,v4,bbox,11.56,10.98,10.29,14.18,2026-05-02T10:57:58Z
"platform=iOS Simulator,OS=18.6,name=iPhone 16",baden_wuerttemberg_v4,/Users/raphaelvolz/Github/youspeed.de/mapdata/dist-v4/baden-wuerttemberg-bench/speeds_v4.sqlite,502030336,true,pforzheim_low_speed_start,low_speed_intersection,karlsruhe-regbez,48.8800067,8.7178683,v4,hybrid,12.93,12.75,12.36,13.68,2026-05-02T10:57:58Z
"platform=iOS Simulator,OS=18.6,name=iPhone 16",baden_wuerttemberg_v4,/Users/raphaelvolz/Github/youspeed.de/mapdata/dist-v4/baden-wuerttemberg-bench/speeds_v4.sqlite,502030336,true,pforzheim_low_speed_start,low_speed_intersection,karlsruhe-regbez,48.8800067,8.7178683,v4,polycontainment,1.11,1.01,0.85,1.74,2026-05-02T10:57:58Z
"platform=iOS Simulator,OS=18.6,name=iPhone 16",baden_wuerttemberg_v4,/Users/raphaelvolz/Github/youspeed.de/mapdata/dist-v4/baden-wuerttemberg-bench/speeds_v4.sqlite,502030336,true,pforzheim_low_speed_start,low_speed_intersection,karlsruhe-regbez,48.8800067,8.7178683,v4,polyline,15.67,15.59,14.64,16.57,2026-05-02T10:57:58Z
"platform=iOS Simulator,OS=18.6,name=iPhone 16",baden_wuerttemberg_v4,/Users/raphaelvolz/Github/youspeed.de/mapdata/dist-v4/baden-wuerttemberg-bench/speeds_v4.sqlite,502030336,true,pforzheim_same_ref_parallel,same_ref_parallel,karlsruhe-regbez,48.8840867,8.7115283,v1,bbox,50.32,50.83,48.24,52.52,2026-05-02T10:58:00Z
"platform=iOS Simulator,OS=18.6,name=iPhone 16",baden_wuerttemberg_v4,/Users/raphaelvolz/Github/youspeed.de/mapdata/dist-v4/baden-wuerttemberg-bench/speeds_v4.sqlite,502030336,true,pforzheim_same_ref_parallel,same_ref_parallel,karlsruhe-regbez,48.8840867,8.7115283,v1,hybrid,53.73,52.09,51.21,58.28,2026-05-02T10:58:00Z
"platform=iOS Simulator,OS=18.6,name=iPhone 16",baden_wuerttemberg_v4,/Users/raphaelvolz/Github/youspeed.de/mapdata/dist-v4/baden-wuerttemberg-bench/speeds_v4.sqlite,502030336,true,pforzheim_same_ref_parallel,same_ref_parallel,karlsruhe-regbez,48.8840867,8.7115283,v1,polycontainment,0.83,0.79,0.76,0.92,2026-05-02T10:58:00Z
"platform=iOS Simulator,OS=18.6,name=iPhone 16",baden_wuerttemberg_v4,/Users/raphaelvolz/Github/youspeed.de/mapdata/dist-v4/baden-wuerttemberg-bench/speeds_v4.sqlite,502030336,true,pforzheim_same_ref_parallel,same_ref_parallel,karlsruhe-regbez,48.8840867,8.7115283,v1,polyline,56.49,55.97,54.65,58.38,2026-05-02T10:58:00Z
"platform=iOS Simulator,OS=18.6,name=iPhone 16",baden_wuerttemberg_v4,/Users/raphaelvolz/Github/youspeed.de/mapdata/dist-v4/baden-wuerttemberg-bench/speeds_v4.sqlite,502030336,true,pforzheim_same_ref_parallel,same_ref_parallel,karlsruhe-regbez,48.8840867,8.7115283,v2,bbox,8.87,8.45,8.35,10.17,2026-05-02T10:58:00Z
"platform=iOS Simulator,OS=18.6,name=iPhone 16",baden_wuerttemberg_v4,/Users/raphaelvolz/Github/youspeed.de/mapdata/dist-v4/baden-wuerttemberg-bench/speeds_v4.sqlite,502030336,true,pforzheim_same_ref_parallel,same_ref_parallel,karlsruhe-regbez,48.8840867,8.7115283,v2,hybrid,12.2,12.3,11.88,12.56,2026-05-02T10:58:00Z
"platform=iOS Simulator,OS=18.6,name=iPhone 16",baden_wuerttemberg_v4,/Users/raphaelvolz/Github/youspeed.de/mapdata/dist-v4/baden-wuerttemberg-bench/speeds_v4.sqlite,502030336,true,pforzheim_same_ref_parallel,same_ref_parallel,karlsruhe-regbez,48.8840867,8.7115283,v2,polycontainment,0.78,0.76,0.76,0.87,2026-05-02T10:58:00Z
"platform=iOS Simulator,OS=18.6,name=iPhone 16",baden_wuerttemberg_v4,/Users/raphaelvolz/Github/youspeed.de/mapdata/dist-v4/baden-wuerttemberg-bench/speeds_v4.sqlite,502030336,true,pforzheim_same_ref_parallel,same_ref_parallel,karlsruhe-regbez,48.8840867,8.7115283,v2,polyline,17.08,17.3,16.21,17.45,2026-05-02T10:58:00Z
"platform=iOS Simulator,OS=18.6,name=iPhone 16",baden_wuerttemberg_v4,/Users/raphaelvolz/Github/youspeed.de/mapdata/dist-v4/baden-wuerttemberg-bench/speeds_v4.sqlite,502030336,true,pforzheim_same_ref_parallel,same_ref_parallel,karlsruhe-regbez,48.8840867,8.7115283,v3,bbox,3.99,3.92,3.79,4.4,2026-05-02T10:58:00Z
"platform=iOS Simulator,OS=18.6,name=iPhone 16",baden_wuerttemberg_v4,/Users/raphaelvolz/Github/youspeed.de/mapdata/dist-v4/baden-wuerttemberg-bench/speeds_v4.sqlite,502030336,true,pforzheim_same_ref_parallel,same_ref_parallel,karlsruhe-regbez,48.8840867,8.7115283,v3,hybrid,7.53,7.57,7.2,7.76,2026-05-02T10:58:00Z
"platform=iOS Simulator,OS=18.6,name=iPhone 16",baden_wuerttemberg_v4,/Users/raphaelvolz/Github/youspeed.de/mapdata/dist-v4/baden-wuerttemberg-bench/speeds_v4.sqlite,502030336,true,pforzheim_same_ref_parallel,same_ref_parallel,karlsruhe-regbez,48.8840867,8.7115283,v3,polycontainment,0.8,0.78,0.77,0.89,2026-05-02T10:58:00Z
"platform=iOS Simulator,OS=18.6,name=iPhone 16",baden_wuerttemberg_v4,/Users/raphaelvolz/Github/youspeed.de/mapdata/dist-v4/baden-wuerttemberg-bench/speeds_v4.sqlite,502030336,true,pforzheim_same_ref_parallel,same_ref_parallel,karlsruhe-regbez,48.8840867,8.7115283,v3,polyline,12.3,12.35,11.92,12.59,2026-05-02T10:58:00Z
"platform=iOS Simulator,OS=18.6,name=iPhone 16",baden_wuerttemberg_v4,/Users/raphaelvolz/Github/youspeed.de/mapdata/dist-v4/baden-wuerttemberg-bench/speeds_v4.sqlite,502030336,true,pforzheim_same_ref_parallel,same_ref_parallel,karlsruhe-regbez,48.8840867,8.7115283,v4,bbox,14.77,14.31,13.48,17.56,2026-05-02T10:58:00Z
"platform=iOS Simulator,OS=18.6,name=iPhone 16",baden_wuerttemberg_v4,/Users/raphaelvolz/Github/youspeed.de/mapdata/dist-v4/baden-wuerttemberg-bench/speeds_v4.sqlite,502030336,true,pforzheim_same_ref_parallel,same_ref_parallel,karlsruhe-regbez,48.8840867,8.7115283,v4,hybrid,23.77,21.39,17.58,38.98,2026-05-02T10:58:00Z
"platform=iOS Simulator,OS=18.6,name=iPhone 16",baden_wuerttemberg_v4,/Users/raphaelvolz/Github/youspeed.de/mapdata/dist-v4/baden-wuerttemberg-bench/speeds_v4.sqlite,502030336,true,pforzheim_same_ref_parallel,same_ref_parallel,karlsruhe-regbez,48.8840867,8.7115283,v4,polycontainment,0.87,0.85,0.83,0.97,2026-05-02T10:58:00Z
"platform=iOS Simulator,OS=18.6,name=iPhone 16",baden_wuerttemberg_v4,/Users/raphaelvolz/Github/youspeed.de/mapdata/dist-v4/baden-wuerttemberg-bench/speeds_v4.sqlite,502030336,true,pforzheim_same_ref_parallel,same_ref_parallel,karlsruhe-regbez,48.8840867,8.7115283,v4,polyline,22.27,22.34,21.16,23.29,2026-05-02T10:58:00Z
"platform=iOS Simulator,OS=18.6,name=iPhone 16",baden_wuerttemberg_v4,/Users/raphaelvolz/Github/youspeed.de/mapdata/dist-v4/baden-wuerttemberg-bench/speeds_v4.sqlite,502030336,true,pforzheim_same_name_release,same_name_release,karlsruhe-regbez,48.881795,8.71611,v1,bbox,48.83,48.47,47.41,50.9,2026-05-02T10:58:01Z
"platform=iOS Simulator,OS=18.6,name=iPhone 16",baden_wuerttemberg_v4,/Users/raphaelvolz/Github/youspeed.de/mapdata/dist-v4/baden-wuerttemberg-bench/speeds_v4.sqlite,502030336,true,pforzheim_same_name_release,same_name_release,karlsruhe-regbez,48.881795,8.71611,v1,hybrid,49.02,48.67,48.48,50.29,2026-05-02T10:58:01Z
"platform=iOS Simulator,OS=18.6,name=iPhone 16",baden_wuerttemberg_v4,/Users/raphaelvolz/Github/youspeed.de/mapdata/dist-v4/baden-wuerttemberg-bench/speeds_v4.sqlite,502030336,true,pforzheim_same_name_release,same_name_release,karlsruhe-regbez,48.881795,8.71611,v1,polycontainment,0.83,0.81,0.78,0.93,2026-05-02T10:58:01Z
"platform=iOS Simulator,OS=18.6,name=iPhone 16",baden_wuerttemberg_v4,/Users/raphaelvolz/Github/youspeed.de/mapdata/dist-v4/baden-wuerttemberg-bench/speeds_v4.sqlite,502030336,true,pforzheim_same_name_release,same_name_release,karlsruhe-regbez,48.881795,8.71611,v1,polyline,51.11,50.88,50.47,52.32,2026-05-02T10:58:01Z
"platform=iOS Simulator,OS=18.6,name=iPhone 16",baden_wuerttemberg_v4,/Users/raphaelvolz/Github/youspeed.de/mapdata/dist-v4/baden-wuerttemberg-bench/speeds_v4.sqlite,502030336,true,pforzheim_same_name_release,same_name_release,karlsruhe-regbez,48.881795,8.71611,v2,bbox,7.1,7.03,6.81,7.37,2026-05-02T10:58:01Z
"platform=iOS Simulator,OS=18.6,name=iPhone 16",baden_wuerttemberg_v4,/Users/raphaelvolz/Github/youspeed.de/mapdata/dist-v4/baden-wuerttemberg-bench/speeds_v4.sqlite,502030336,true,pforzheim_same_name_release,same_name_release,karlsruhe-regbez,48.881795,8.71611,v2,hybrid,10.31,10.3,10.22,10.43,2026-05-02T10:58:01Z
"platform=iOS Simulator,OS=18.6,name=iPhone 16",baden_wuerttemberg_v4,/Users/raphaelvolz/Github/youspeed.de/mapdata/dist-v4/baden-wuerttemberg-bench/speeds_v4.sqlite,502030336,true,pforzheim_same_name_release,same_name_release,karlsruhe-regbez,48.881795,8.71611,v2,polycontainment,0.88,0.87,0.82,0.95,2026-05-02T10:58:01Z
"platform=iOS Simulator,OS=18.6,name=iPhone 16",baden_wuerttemberg_v4,/Users/raphaelvolz/Github/youspeed.de/mapdata/dist-v4/baden-wuerttemberg-bench/speeds_v4.sqlite,502030336,true,pforzheim_same_name_release,same_name_release,karlsruhe-regbez,48.881795,8.71611,v2,polyline,12.91,13.02,12.35,13.25,2026-05-02T10:58:01Z
"platform=iOS Simulator,OS=18.6,name=iPhone 16",baden_wuerttemberg_v4,/Users/raphaelvolz/Github/youspeed.de/mapdata/dist-v4/baden-wuerttemberg-bench/speeds_v4.sqlite,502030336,true,pforzheim_same_name_release,same_name_release,karlsruhe-regbez,48.881795,8.71611,v3,bbox,2.41,2.4,2.33,2.48,2026-05-02T10:58:01Z
"platform=iOS Simulator,OS=18.6,name=iPhone 16",baden_wuerttemberg_v4,/Users/raphaelvolz/Github/youspeed.de/mapdata/dist-v4/baden-wuerttemberg-bench/speeds_v4.sqlite,502030336,true,pforzheim_same_name_release,same_name_release,karlsruhe-regbez,48.881795,8.71611,v3,hybrid,5.09,5.1,4.98,5.17,2026-05-02T10:58:01Z
"platform=iOS Simulator,OS=18.6,name=iPhone 16",baden_wuerttemberg_v4,/Users/raphaelvolz/Github/youspeed.de/mapdata/dist-v4/baden-wuerttemberg-bench/speeds_v4.sqlite,502030336,true,pforzheim_same_name_release,same_name_release,karlsruhe-regbez,48.881795,8.71611,v3,polycontainment,0.83,0.83,0.79,0.9,2026-05-02T10:58:01Z
"platform=iOS Simulator,OS=18.6,name=iPhone 16",baden_wuerttemberg_v4,/Users/raphaelvolz/Github/youspeed.de/mapdata/dist-v4/baden-wuerttemberg-bench/speeds_v4.sqlite,502030336,true,pforzheim_same_name_release,same_name_release,karlsruhe-regbez,48.881795,8.71611,v3,polyline,7.93,7.82,7.82,8.27,2026-05-02T10:58:01Z
"platform=iOS Simulator,OS=18.6,name=iPhone 16",baden_wuerttemberg_v4,/Users/raphaelvolz/Github/youspeed.de/mapdata/dist-v4/baden-wuerttemberg-bench/speeds_v4.sqlite,502030336,true,pforzheim_same_name_release,same_name_release,karlsruhe-regbez,48.881795,8.71611,v4,bbox,11.56,11.5,11.24,11.88,2026-05-02T10:58:01Z
"platform=iOS Simulator,OS=18.6,name=iPhone 16",baden_wuerttemberg_v4,/Users/raphaelvolz/Github/youspeed.de/mapdata/dist-v4/baden-wuerttemberg-bench/speeds_v4.sqlite,502030336,true,pforzheim_same_name_release,same_name_release,karlsruhe-regbez,48.881795,8.71611,v4,hybrid,15.66,14.73,13.7,20.69,2026-05-02T10:58:01Z
"platform=iOS Simulator,OS=18.6,name=iPhone 16",baden_wuerttemberg_v4,/Users/raphaelvolz/Github/youspeed.de/mapdata/dist-v4/baden-wuerttemberg-bench/speeds_v4.sqlite,502030336,true,pforzheim_same_name_release,same_name_release,karlsruhe-regbez,48.881795,8.71611,v4,polycontainment,0.86,0.87,0.8,0.95,2026-05-02T10:58:01Z
"platform=iOS Simulator,OS=18.6,name=iPhone 16",baden_wuerttemberg_v4,/Users/raphaelvolz/Github/youspeed.de/mapdata/dist-v4/baden-wuerttemberg-bench/speeds_v4.sqlite,502030336,true,pforzheim_same_name_release,same_name_release,karlsruhe-regbez,48.881795,8.71611,v4,polyline,16.89,17.04,16.17,17.15,2026-05-02T10:58:01Z
"platform=iOS Simulator,OS=18.6,name=iPhone 16",baden_wuerttemberg_v4,/Users/raphaelvolz/Github/youspeed.de/mapdata/dist-v4/baden-wuerttemberg-bench/speeds_v4.sqlite,502030336,true,pforzheim_tunnel_portal,tunnel_portal,karlsruhe-regbez,48.8944817,8.6943583,v1,bbox,47.77,47.59,47.41,48.42,2026-05-02T10:58:02Z
"platform=iOS Simulator,OS=18.6,name=iPhone 16",baden_wuerttemberg_v4,/Users/raphaelvolz/Github/youspeed.de/mapdata/dist-v4/baden-wuerttemberg-bench/speeds_v4.sqlite,502030336,true,pforzheim_tunnel_portal,tunnel_portal,karlsruhe-regbez,48.8944817,8.6943583,v1,hybrid,51.45,51.54,50.44,52.22,2026-05-02T10:58:02Z
"platform=iOS Simulator,OS=18.6,name=iPhone 16",baden_wuerttemberg_v4,/Users/raphaelvolz/Github/youspeed.de/mapdata/dist-v4/baden-wuerttemberg-bench/speeds_v4.sqlite,502030336,true,pforzheim_tunnel_portal,tunnel_portal,karlsruhe-regbez,48.8944817,8.6943583,v1,polycontainment,0.79,0.76,0.75,0.88,2026-05-02T10:58:02Z
"platform=iOS Simulator,OS=18.6,name=iPhone 16",baden_wuerttemberg_v4,/Users/raphaelvolz/Github/youspeed.de/mapdata/dist-v4/baden-wuerttemberg-bench/speeds_v4.sqlite,502030336,true,pforzheim_tunnel_portal,tunnel_portal,karlsruhe-regbez,48.8944817,8.6943583,v1,polyline,58.71,58.69,57.35,59.93,2026-05-02T10:58:02Z
"platform=iOS Simulator,OS=18.6,name=iPhone 16",baden_wuerttemberg_v4,/Users/raphaelvolz/Github/youspeed.de/mapdata/dist-v4/baden-wuerttemberg-bench/speeds_v4.sqlite,502030336,true,pforzheim_tunnel_portal,tunnel_portal,karlsruhe-regbez,48.8944817,8.6943583,v2,bbox,9.22,9.19,9.05,9.43,2026-05-02T10:58:02Z
"platform=iOS Simulator,OS=18.6,name=iPhone 16",baden_wuerttemberg_v4,/Users/raphaelvolz/Github/youspeed.de/mapdata/dist-v4/baden-wuerttemberg-bench/speeds_v4.sqlite,502030336,true,pforzheim_tunnel_portal,tunnel_portal,karlsruhe-regbez,48.8944817,8.6943583,v2,hybrid,13.56,13.55,13.46,13.67,2026-05-02T10:58:02Z
"platform=iOS Simulator,OS=18.6,name=iPhone 16",baden_wuerttemberg_v4,/Users/raphaelvolz/Github/youspeed.de/mapdata/dist-v4/baden-wuerttemberg-bench/speeds_v4.sqlite,502030336,true,pforzheim_tunnel_portal,tunnel_portal,karlsruhe-regbez,48.8944817,8.6943583,v2,polycontainment,0.77,0.77,0.74,0.83,2026-05-02T10:58:02Z
"platform=iOS Simulator,OS=18.6,name=iPhone 16",baden_wuerttemberg_v4,/Users/raphaelvolz/Github/youspeed.de/mapdata/dist-v4/baden-wuerttemberg-bench/speeds_v4.sqlite,502030336,true,pforzheim_tunnel_portal,tunnel_portal,karlsruhe-regbez,48.8944817,8.6943583,v2,polyline,20.41,20.43,20.11,20.74,2026-05-02T10:58:02Z
"platform=iOS Simulator,OS=18.6,name=iPhone 16",baden_wuerttemberg_v4,/Users/raphaelvolz/Github/youspeed.de/mapdata/dist-v4/baden-wuerttemberg-bench/speeds_v4.sqlite,502030336,true,pforzheim_tunnel_portal,tunnel_portal,karlsruhe-regbez,48.8944817,8.6943583,v3,bbox,5.33,5.23,5.19,5.76,2026-05-02T10:58:02Z
"platform=iOS Simulator,OS=18.6,name=iPhone 16",baden_wuerttemberg_v4,/Users/raphaelvolz/Github/youspeed.de/mapdata/dist-v4/baden-wuerttemberg-bench/speeds_v4.sqlite,502030336,true,pforzheim_tunnel_portal,tunnel_portal,karlsruhe-regbez,48.8944817,8.6943583,v3,hybrid,9.39,9.39,9.12,9.81,2026-05-02T10:58:02Z
"platform=iOS Simulator,OS=18.6,name=iPhone 16",baden_wuerttemberg_v4,/Users/raphaelvolz/Github/youspeed.de/mapdata/dist-v4/baden-wuerttemberg-bench/speeds_v4.sqlite,502030336,true,pforzheim_tunnel_portal,tunnel_portal,karlsruhe-regbez,48.8944817,8.6943583,v3,polycontainment,0.78,0.78,0.74,0.83,2026-05-02T10:58:02Z
"platform=iOS Simulator,OS=18.6,name=iPhone 16",baden_wuerttemberg_v4,/Users/raphaelvolz/Github/youspeed.de/mapdata/dist-v4/baden-wuerttemberg-bench/speeds_v4.sqlite,502030336,true,pforzheim_tunnel_portal,tunnel_portal,karlsruhe-regbez,48.8944817,8.6943583,v3,polyline,15.67,15.58,15.41,16,2026-05-02T10:58:02Z
"platform=iOS Simulator,OS=18.6,name=iPhone 16",baden_wuerttemberg_v4,/Users/raphaelvolz/Github/youspeed.de/mapdata/dist-v4/baden-wuerttemberg-bench/speeds_v4.sqlite,502030336,true,pforzheim_tunnel_portal,tunnel_portal,karlsruhe-regbez,48.8944817,8.6943583,v4,bbox,14.53,14.4,13.6,15.39,2026-05-02T10:58:02Z
"platform=iOS Simulator,OS=18.6,name=iPhone 16",baden_wuerttemberg_v4,/Users/raphaelvolz/Github/youspeed.de/mapdata/dist-v4/baden-wuerttemberg-bench/speeds_v4.sqlite,502030336,true,pforzheim_tunnel_portal,tunnel_portal,karlsruhe-regbez,48.8944817,8.6943583,v4,hybrid,20.56,20.81,19.47,21.49,2026-05-02T10:58:02Z
"platform=iOS Simulator,OS=18.6,name=iPhone 16",baden_wuerttemberg_v4,/Users/raphaelvolz/Github/youspeed.de/mapdata/dist-v4/baden-wuerttemberg-bench/speeds_v4.sqlite,502030336,true,pforzheim_tunnel_portal,tunnel_portal,karlsruhe-regbez,48.8944817,8.6943583,v4,polycontainment,0.88,0.83,0.82,1.01,2026-05-02T10:58:02Z
"platform=iOS Simulator,OS=18.6,name=iPhone 16",baden_wuerttemberg_v4,/Users/raphaelvolz/Github/youspeed.de/mapdata/dist-v4/baden-wuerttemberg-bench/speeds_v4.sqlite,502030336,true,pforzheim_tunnel_portal,tunnel_portal,karlsruhe-regbez,48.8944817,8.6943583,v4,polyline,26.97,27.07,26.28,27.96,2026-05-02T10:58:02Z
"platform=iOS Simulator,OS=18.6,name=iPhone 16",baden_wuerttemberg_v4,/Users/raphaelvolz/Github/youspeed.de/mapdata/dist-v4/baden-wuerttemberg-bench/speeds_v4.sqlite,502030336,true,pforzheim_distance_fallback,distance_fallback,karlsruhe-regbez,48.90237,8.6597133,v1,bbox,48.29,48.76,46.45,49.39,2026-05-02T10:58:04Z
"platform=iOS Simulator,OS=18.6,name=iPhone 16",baden_wuerttemberg_v4,/Users/raphaelvolz/Github/youspeed.de/mapdata/dist-v4/baden-wuerttemberg-bench/speeds_v4.sqlite,502030336,true,pforzheim_distance_fallback,distance_fallback,karlsruhe-regbez,48.90237,8.6597133,v1,hybrid,51.87,51.89,50.85,52.79,2026-05-02T10:58:04Z
"platform=iOS Simulator,OS=18.6,name=iPhone 16",baden_wuerttemberg_v4,/Users/raphaelvolz/Github/youspeed.de/mapdata/dist-v4/baden-wuerttemberg-bench/speeds_v4.sqlite,502030336,true,pforzheim_distance_fallback,distance_fallback,karlsruhe-regbez,48.90237,8.6597133,v1,polycontainment,0.77,0.75,0.75,0.87,2026-05-02T10:58:04Z
"platform=iOS Simulator,OS=18.6,name=iPhone 16",baden_wuerttemberg_v4,/Users/raphaelvolz/Github/youspeed.de/mapdata/dist-v4/baden-wuerttemberg-bench/speeds_v4.sqlite,502030336,true,pforzheim_distance_fallback,distance_fallback,karlsruhe-regbez,48.90237,8.6597133,v1,polyline,54.76,54.66,53.61,55.78,2026-05-02T10:58:04Z
"platform=iOS Simulator,OS=18.6,name=iPhone 16",baden_wuerttemberg_v4,/Users/raphaelvolz/Github/youspeed.de/mapdata/dist-v4/baden-wuerttemberg-bench/speeds_v4.sqlite,502030336,true,pforzheim_distance_fallback,distance_fallback,karlsruhe-regbez,48.90237,8.6597133,v2,bbox,7.61,7.67,7.39,7.86,2026-05-02T10:58:04Z
"platform=iOS Simulator,OS=18.6,name=iPhone 16",baden_wuerttemberg_v4,/Users/raphaelvolz/Github/youspeed.de/mapdata/dist-v4/baden-wuerttemberg-bench/speeds_v4.sqlite,502030336,true,pforzheim_distance_fallback,distance_fallback,karlsruhe-regbez,48.90237,8.6597133,v2,hybrid,10.69,10.68,10.53,10.89,2026-05-02T10:58:04Z
"platform=iOS Simulator,OS=18.6,name=iPhone 16",baden_wuerttemberg_v4,/Users/raphaelvolz/Github/youspeed.de/mapdata/dist-v4/baden-wuerttemberg-bench/speeds_v4.sqlite,502030336,true,pforzheim_distance_fallback,distance_fallback,karlsruhe-regbez,48.90237,8.6597133,v2,polycontainment,0.81,0.79,0.78,0.88,2026-05-02T10:58:04Z
"platform=iOS Simulator,OS=18.6,name=iPhone 16",baden_wuerttemberg_v4,/Users/raphaelvolz/Github/youspeed.de/mapdata/dist-v4/baden-wuerttemberg-bench/speeds_v4.sqlite,502030336,true,pforzheim_distance_fallback,distance_fallback,karlsruhe-regbez,48.90237,8.6597133,v2,polyline,15.21,15.17,14.96,15.5,2026-05-02T10:58:04Z
"platform=iOS Simulator,OS=18.6,name=iPhone 16",baden_wuerttemberg_v4,/Users/raphaelvolz/Github/youspeed.de/mapdata/dist-v4/baden-wuerttemberg-bench/speeds_v4.sqlite,502030336,true,pforzheim_distance_fallback,distance_fallback,karlsruhe-regbez,48.90237,8.6597133,v3,bbox,3.45,3.47,3.36,3.51,2026-05-02T10:58:04Z
"platform=iOS Simulator,OS=18.6,name=iPhone 16",baden_wuerttemberg_v4,/Users/raphaelvolz/Github/youspeed.de/mapdata/dist-v4/baden-wuerttemberg-bench/speeds_v4.sqlite,502030336,true,pforzheim_distance_fallback,distance_fallback,karlsruhe-regbez,48.90237,8.6597133,v3,hybrid,6.37,6.36,6.28,6.51,2026-05-02T10:58:04Z
"platform=iOS Simulator,OS=18.6,name=iPhone 16",baden_wuerttemberg_v4,/Users/raphaelvolz/Github/youspeed.de/mapdata/dist-v4/baden-wuerttemberg-bench/speeds_v4.sqlite,502030336,true,pforzheim_distance_fallback,distance_fallback,karlsruhe-regbez,48.90237,8.6597133,v3,polycontainment,0.81,0.81,0.75,0.9,2026-05-02T10:58:04Z
"platform=iOS Simulator,OS=18.6,name=iPhone 16",baden_wuerttemberg_v4,/Users/raphaelvolz/Github/youspeed.de/mapdata/dist-v4/baden-wuerttemberg-bench/speeds_v4.sqlite,502030336,true,pforzheim_distance_fallback,distance_fallback,karlsruhe-regbez,48.90237,8.6597133,v3,polyline,10.52,10.16,10.07,11.18,2026-05-02T10:58:04Z
"platform=iOS Simulator,OS=18.6,name=iPhone 16",baden_wuerttemberg_v4,/Users/raphaelvolz/Github/youspeed.de/mapdata/dist-v4/baden-wuerttemberg-bench/speeds_v4.sqlite,502030336,true,pforzheim_distance_fallback,distance_fallback,karlsruhe-regbez,48.90237,8.6597133,v4,bbox,12.02,12.07,11.03,12.95,2026-05-02T10:58:04Z
"platform=iOS Simulator,OS=18.6,name=iPhone 16",baden_wuerttemberg_v4,/Users/raphaelvolz/Github/youspeed.de/mapdata/dist-v4/baden-wuerttemberg-bench/speeds_v4.sqlite,502030336,true,pforzheim_distance_fallback,distance_fallback,karlsruhe-regbez,48.90237,8.6597133,v4,hybrid,15.91,15.95,15.08,16.88,2026-05-02T10:58:04Z
"platform=iOS Simulator,OS=18.6,name=iPhone 16",baden_wuerttemberg_v4,/Users/raphaelvolz/Github/youspeed.de/mapdata/dist-v4/baden-wuerttemberg-bench/speeds_v4.sqlite,502030336,true,pforzheim_distance_fallback,distance_fallback,karlsruhe-regbez,48.90237,8.6597133,v4,polycontainment,0.89,0.88,0.85,0.98,2026-05-02T10:58:04Z
"platform=iOS Simulator,OS=18.6,name=iPhone 16",baden_wuerttemberg_v4,/Users/raphaelvolz/Github/youspeed.de/mapdata/dist-v4/baden-wuerttemberg-bench/speeds_v4.sqlite,502030336,true,pforzheim_distance_fallback,distance_fallback,karlsruhe-regbez,48.90237,8.6597133,v4,polyline,19.83,19.57,19.21,20.56,2026-05-02T10:58:04Z
"platform=iOS Simulator,OS=18.6,name=iPhone 16",baden_wuerttemberg_v4,/Users/raphaelvolz/Github/youspeed.de/mapdata/dist-v4/baden-wuerttemberg-bench/speeds_v4.sqlite,502030336,true,pforzheim_no_match_gap,no_match_gap,karlsruhe-regbez,48.9053133,8.65062,v1,bbox,45.76,45.76,45.14,46.38,2026-05-02T10:58:05Z
"platform=iOS Simulator,OS=18.6,name=iPhone 16",baden_wuerttemberg_v4,/Users/raphaelvolz/Github/youspeed.de/mapdata/dist-v4/baden-wuerttemberg-bench/speeds_v4.sqlite,502030336,true,pforzheim_no_match_gap,no_match_gap,karlsruhe-regbez,48.9053133,8.65062,v1,hybrid,48.53,47.74,47.1,50.79,2026-05-02T10:58:05Z
"platform=iOS Simulator,OS=18.6,name=iPhone 16",baden_wuerttemberg_v4,/Users/raphaelvolz/Github/youspeed.de/mapdata/dist-v4/baden-wuerttemberg-bench/speeds_v4.sqlite,502030336,true,pforzheim_no_match_gap,no_match_gap,karlsruhe-regbez,48.9053133,8.65062,v1,polycontainment,0.78,0.76,0.75,0.87,2026-05-02T10:58:05Z
"platform=iOS Simulator,OS=18.6,name=iPhone 16",baden_wuerttemberg_v4,/Users/raphaelvolz/Github/youspeed.de/mapdata/dist-v4/baden-wuerttemberg-bench/speeds_v4.sqlite,502030336,true,pforzheim_no_match_gap,no_match_gap,karlsruhe-regbez,48.9053133,8.65062,v1,polyline,49.86,49.74,48.16,52.57,2026-05-02T10:58:05Z
"platform=iOS Simulator,OS=18.6,name=iPhone 16",baden_wuerttemberg_v4,/Users/raphaelvolz/Github/youspeed.de/mapdata/dist-v4/baden-wuerttemberg-bench/speeds_v4.sqlite,502030336,true,pforzheim_no_match_gap,no_match_gap,karlsruhe-regbez,48.9053133,8.65062,v2,bbox,5.54,5.5,5.4,5.85,2026-05-02T10:58:05Z
"platform=iOS Simulator,OS=18.6,name=iPhone 16",baden_wuerttemberg_v4,/Users/raphaelvolz/Github/youspeed.de/mapdata/dist-v4/baden-wuerttemberg-bench/speeds_v4.sqlite,502030336,true,pforzheim_no_match_gap,no_match_gap,karlsruhe-regbez,48.9053133,8.65062,v2,hybrid,7.83,7.76,7.74,8.05,2026-05-02T10:58:05Z
"platform=iOS Simulator,OS=18.6,name=iPhone 16",baden_wuerttemberg_v4,/Users/raphaelvolz/Github/youspeed.de/mapdata/dist-v4/baden-wuerttemberg-bench/speeds_v4.sqlite,502030336,true,pforzheim_no_match_gap,no_match_gap,karlsruhe-regbez,48.9053133,8.65062,v2,polycontainment,0.8,0.78,0.77,0.85,2026-05-02T10:58:05Z
"platform=iOS Simulator,OS=18.6,name=iPhone 16",baden_wuerttemberg_v4,/Users/raphaelvolz/Github/youspeed.de/mapdata/dist-v4/baden-wuerttemberg-bench/speeds_v4.sqlite,502030336,true,pforzheim_no_match_gap,no_match_gap,karlsruhe-regbez,48.9053133,8.65062,v2,polyline,9.89,9.8,9.71,10.15,2026-05-02T10:58:05Z
"platform=iOS Simulator,OS=18.6,name=iPhone 16",baden_wuerttemberg_v4,/Users/raphaelvolz/Github/youspeed.de/mapdata/dist-v4/baden-wuerttemberg-bench/speeds_v4.sqlite,502030336,true,pforzheim_no_match_gap,no_match_gap,karlsruhe-regbez,48.9053133,8.65062,v3,bbox,1.84,1.81,1.8,1.93,2026-05-02T10:58:05Z
"platform=iOS Simulator,OS=18.6,name=iPhone 16",baden_wuerttemberg_v4,/Users/raphaelvolz/Github/youspeed.de/mapdata/dist-v4/baden-wuerttemberg-bench/speeds_v4.sqlite,502030336,true,pforzheim_no_match_gap,no_match_gap,karlsruhe-regbez,48.9053133,8.65062,v3,hybrid,3.86,3.85,3.82,3.9,2026-05-02T10:58:05Z
"platform=iOS Simulator,OS=18.6,name=iPhone 16",baden_wuerttemberg_v4,/Users/raphaelvolz/Github/youspeed.de/mapdata/dist-v4/baden-wuerttemberg-bench/speeds_v4.sqlite,502030336,true,pforzheim_no_match_gap,no_match_gap,karlsruhe-regbez,48.9053133,8.65062,v3,polycontainment,0.76,0.75,0.74,0.81,2026-05-02T10:58:05Z
"platform=iOS Simulator,OS=18.6,name=iPhone 16",baden_wuerttemberg_v4,/Users/raphaelvolz/Github/youspeed.de/mapdata/dist-v4/baden-wuerttemberg-bench/speeds_v4.sqlite,502030336,true,pforzheim_no_match_gap,no_match_gap,karlsruhe-regbez,48.9053133,8.65062,v3,polyline,5.99,5.94,5.81,6.18,2026-05-02T10:58:05Z
"platform=iOS Simulator,OS=18.6,name=iPhone 16",baden_wuerttemberg_v4,/Users/raphaelvolz/Github/youspeed.de/mapdata/dist-v4/baden-wuerttemberg-bench/speeds_v4.sqlite,502030336,true,pforzheim_no_match_gap,no_match_gap,karlsruhe-regbez,48.9053133,8.65062,v4,bbox,9.65,9.64,9.16,10.19,2026-05-02T10:58:05Z
"platform=iOS Simulator,OS=18.6,name=iPhone 16",baden_wuerttemberg_v4,/Users/raphaelvolz/Github/youspeed.de/mapdata/dist-v4/baden-wuerttemberg-bench/speeds_v4.sqlite,502030336,true,pforzheim_no_match_gap,no_match_gap,karlsruhe-regbez,48.9053133,8.65062,v4,hybrid,11.25,11.18,11,11.74,2026-05-02T10:58:05Z
"platform=iOS Simulator,OS=18.6,name=iPhone 16",baden_wuerttemberg_v4,/Users/raphaelvolz/Github/youspeed.de/mapdata/dist-v4/baden-wuerttemberg-bench/speeds_v4.sqlite,502030336,true,pforzheim_no_match_gap,no_match_gap,karlsruhe-regbez,48.9053133,8.65062,v4,polycontainment,0.83,0.81,0.79,0.9,2026-05-02T10:58:05Z
"platform=iOS Simulator,OS=18.6,name=iPhone 16",baden_wuerttemberg_v4,/Users/raphaelvolz/Github/youspeed.de/mapdata/dist-v4/baden-wuerttemberg-bench/speeds_v4.sqlite,502030336,true,pforzheim_no_match_gap,no_match_gap,karlsruhe-regbez,48.9053133,8.65062,v4,polyline,13.33,13.4,12.97,13.62,2026-05-02T10:58:05Z
"platform=iOS Simulator,OS=18.6,name=iPhone 16",baden_wuerttemberg_v4,/Users/raphaelvolz/Github/youspeed.de/mapdata/dist-v4/baden-wuerttemberg-bench/speeds_v4.sqlite,502030336,true,karlsruhe_motorway_highspeed,motorway_highspeed,karlsruhe-regbez,48.9621635,8.4127321,v1,bbox,41.75,41.87,41.4,41.97,2026-05-02T10:58:06Z
"platform=iOS Simulator,OS=18.6,name=iPhone 16",baden_wuerttemberg_v4,/Users/raphaelvolz/Github/youspeed.de/mapdata/dist-v4/baden-wuerttemberg-bench/speeds_v4.sqlite,502030336,true,karlsruhe_motorway_highspeed,motorway_highspeed,karlsruhe-regbez,48.9621635,8.4127321,v1,hybrid,43.67,43.58,43.41,44.05,2026-05-02T10:58:06Z
"platform=iOS Simulator,OS=18.6,name=iPhone 16",baden_wuerttemberg_v4,/Users/raphaelvolz/Github/youspeed.de/mapdata/dist-v4/baden-wuerttemberg-bench/speeds_v4.sqlite,502030336,true,karlsruhe_motorway_highspeed,motorway_highspeed,karlsruhe-regbez,48.9621635,8.4127321,v1,polycontainment,1.51,1.48,1.47,1.62,2026-05-02T10:58:06Z
"platform=iOS Simulator,OS=18.6,name=iPhone 16",baden_wuerttemberg_v4,/Users/raphaelvolz/Github/youspeed.de/mapdata/dist-v4/baden-wuerttemberg-bench/speeds_v4.sqlite,502030336,true,karlsruhe_motorway_highspeed,motorway_highspeed,karlsruhe-regbez,48.9621635,8.4127321,v1,polyline,45.12,44.98,44.68,45.95,2026-05-02T10:58:06Z
"platform=iOS Simulator,OS=18.6,name=iPhone 16",baden_wuerttemberg_v4,/Users/raphaelvolz/Github/youspeed.de/mapdata/dist-v4/baden-wuerttemberg-bench/speeds_v4.sqlite,502030336,true,karlsruhe_motorway_highspeed,motorway_highspeed,karlsruhe-regbez,48.9621635,8.4127321,v2,bbox,7.09,7.1,6.96,7.19,2026-05-02T10:58:06Z
"platform=iOS Simulator,OS=18.6,name=iPhone 16",baden_wuerttemberg_v4,/Users/raphaelvolz/Github/youspeed.de/mapdata/dist-v4/baden-wuerttemberg-bench/speeds_v4.sqlite,502030336,true,karlsruhe_motorway_highspeed,motorway_highspeed,karlsruhe-regbez,48.9621635,8.4127321,v2,hybrid,9.19,9.19,9.09,9.28,2026-05-02T10:58:06Z
"platform=iOS Simulator,OS=18.6,name=iPhone 16",baden_wuerttemberg_v4,/Users/raphaelvolz/Github/youspeed.de/mapdata/dist-v4/baden-wuerttemberg-bench/speeds_v4.sqlite,502030336,true,karlsruhe_motorway_highspeed,motorway_highspeed,karlsruhe-regbez,48.9621635,8.4127321,v2,polycontainment,1.49,1.46,1.45,1.59,2026-05-02T10:58:06Z
"platform=iOS Simulator,OS=18.6,name=iPhone 16",baden_wuerttemberg_v4,/Users/raphaelvolz/Github/youspeed.de/mapdata/dist-v4/baden-wuerttemberg-bench/speeds_v4.sqlite,502030336,true,karlsruhe_motorway_highspeed,motorway_highspeed,karlsruhe-regbez,48.9621635,8.4127321,v2,polyline,10.69,10.76,10.21,10.95,2026-05-02T10:58:06Z
"platform=iOS Simulator,OS=18.6,name=iPhone 16",baden_wuerttemberg_v4,/Users/raphaelvolz/Github/youspeed.de/mapdata/dist-v4/baden-wuerttemberg-bench/speeds_v4.sqlite,502030336,true,karlsruhe_motorway_highspeed,motorway_highspeed,karlsruhe-regbez,48.9621635,8.4127321,v3,bbox,1.49,1.45,1.44,1.63,2026-05-02T10:58:06Z
"platform=iOS Simulator,OS=18.6,name=iPhone 16",baden_wuerttemberg_v4,/Users/raphaelvolz/Github/youspeed.de/mapdata/dist-v4/baden-wuerttemberg-bench/speeds_v4.sqlite,502030336,true,karlsruhe_motorway_highspeed,motorway_highspeed,karlsruhe-regbez,48.9621635,8.4127321,v3,hybrid,3.55,3.55,3.54,3.57,2026-05-02T10:58:06Z
"platform=iOS Simulator,OS=18.6,name=iPhone 16",baden_wuerttemberg_v4,/Users/raphaelvolz/Github/youspeed.de/mapdata/dist-v4/baden-wuerttemberg-bench/speeds_v4.sqlite,502030336,true,karlsruhe_motorway_highspeed,motorway_highspeed,karlsruhe-regbez,48.9621635,8.4127321,v3,polycontainment,1.51,1.51,1.47,1.58,2026-05-02T10:58:06Z
"platform=iOS Simulator,OS=18.6,name=iPhone 16",baden_wuerttemberg_v4,/Users/raphaelvolz/Github/youspeed.de/mapdata/dist-v4/baden-wuerttemberg-bench/speeds_v4.sqlite,502030336,true,karlsruhe_motorway_highspeed,motorway_highspeed,karlsruhe-regbez,48.9621635,8.4127321,v3,polyline,5.15,5.12,4.93,5.31,2026-05-02T10:58:06Z
"platform=iOS Simulator,OS=18.6,name=iPhone 16",baden_wuerttemberg_v4,/Users/raphaelvolz/Github/youspeed.de/mapdata/dist-v4/baden-wuerttemberg-bench/speeds_v4.sqlite,502030336,true,karlsruhe_motorway_highspeed,motorway_highspeed,karlsruhe-regbez,48.9621635,8.4127321,v4,bbox,12.09,12.08,11.56,12.97,2026-05-02T10:58:06Z
"platform=iOS Simulator,OS=18.6,name=iPhone 16",baden_wuerttemberg_v4,/Users/raphaelvolz/Github/youspeed.de/mapdata/dist-v4/baden-wuerttemberg-bench/speeds_v4.sqlite,502030336,true,karlsruhe_motorway_highspeed,motorway_highspeed,karlsruhe-regbez,48.9621635,8.4127321,v4,hybrid,13.96,13.92,13.37,14.54,2026-05-02T10:58:06Z
"platform=iOS Simulator,OS=18.6,name=iPhone 16",baden_wuerttemberg_v4,/Users/raphaelvolz/Github/youspeed.de/mapdata/dist-v4/baden-wuerttemberg-bench/speeds_v4.sqlite,502030336,true,karlsruhe_motorway_highspeed,motorway_highspeed,karlsruhe-regbez,48.9621635,8.4127321,v4,polycontainment,1.69,1.65,1.63,1.77,2026-05-02T10:58:06Z
"platform=iOS Simulator,OS=18.6,name=iPhone 16",baden_wuerttemberg_v4,/Users/raphaelvolz/Github/youspeed.de/mapdata/dist-v4/baden-wuerttemberg-bench/speeds_v4.sqlite,502030336,true,karlsruhe_motorway_highspeed,motorway_highspeed,karlsruhe-regbez,48.9621635,8.4127321,v4,polyline,15.94,15.86,15.5,16.62,2026-05-02T10:58:06Z
