date,architecture,architecture_label,update_unit,changed_way_count,maxspeed_tag_changes,touched_units,touched_units_per_1000_changed_ways,apply_ms,apply_ms_per_1000_touched_units,payload_bytes,payload_mb,payload_observed,payload_status,payload_source,source,notes
2026-01-22,S1,global index files,invalidated index partitions,59360,4212,7756,130.660,,,915628973,915.628973,reference,observed_reference_full_replacement,mapdata/dist/baden-wuerttemberg-bench/manifest.json,mapdata/reports/deltas/daily-diff-analysis.csv,Partition invalidation proxy; replacement bytes are a reference full-artifact replacement when a manifest is present.
2026-01-22,S2,content-addressed tile packs,invalidated tile packs,59360,4212,2755,46.412,,,58764150,58.764150,estimated,estimated_from_reference_tilepack_median,mapdata/dist-v2/baden-wuerttemberg-bench/catalog.v2.json,mapdata/reports/deltas/daily-diff-analysis.csv,Tile invalidation proxy; replacement bytes are estimated from the available v2 tile-pack size distribution.
2026-01-22,S3,SQLite/RTree,SQL rows touched,59360,4212,127827,2153.420,858.284,6.714,,,false,sampled_sql_patch_payloads,mapdata/bench/karlsruhe_osc/*/v3_delta_manifest.json,mapdata/reports/deltas/daily-diff-analysis.csv,Host-side rollback simulation of exact SQL patch apply.
2026-01-22,S4,SQLite/RTree plus tile prefilter,SQL rows touched,59360,4212,173173,2917.335,1103.447,6.372,,,false,sampled_sql_patch_payloads,mapdata/bench/karlsruhe_osc/*/v3_delta_manifest.json,mapdata/reports/deltas/daily-diff-analysis.csv,Host-side rollback simulation of exact SQL patch apply.
2026-01-23,S1,global index files,invalidated index partitions,62133,4148,6116,98.434,,,915628973,915.628973,reference,observed_reference_full_replacement,mapdata/dist/baden-wuerttemberg-bench/manifest.json,mapdata/reports/deltas/daily-diff-analysis.csv,Partition invalidation proxy; replacement bytes are a reference full-artifact replacement when a manifest is present.
2026-01-23,S2,content-addressed tile packs,invalidated tile packs,62133,4148,2482,39.947,,,52941060,52.941060,estimated,estimated_from_reference_tilepack_median,mapdata/dist-v2/baden-wuerttemberg-bench/catalog.v2.json,mapdata/reports/deltas/daily-diff-analysis.csv,Tile invalidation proxy; replacement bytes are estimated from the available v2 tile-pack size distribution.
2026-01-23,S3,SQLite/RTree,SQL rows touched,62133,4148,129696,2087.393,912.843,7.038,,,false,sampled_sql_patch_payloads,mapdata/bench/karlsruhe_osc/*/v3_delta_manifest.json,mapdata/reports/deltas/daily-diff-analysis.csv,Host-side rollback simulation of exact SQL patch apply.
2026-01-23,S4,SQLite/RTree plus tile prefilter,SQL rows touched,62133,4148,175639,2826.823,1199.883,6.832,,,false,sampled_sql_patch_payloads,mapdata/bench/karlsruhe_osc/*/v3_delta_manifest.json,mapdata/reports/deltas/daily-diff-analysis.csv,Host-side rollback simulation of exact SQL patch apply.
2026-01-24,S1,global index files,invalidated index partitions,62196,4556,5923,95.231,,,915628973,915.628973,reference,observed_reference_full_replacement,mapdata/dist/baden-wuerttemberg-bench/manifest.json,mapdata/reports/deltas/daily-diff-analysis.csv,Partition invalidation proxy; replacement bytes are a reference full-artifact replacement when a manifest is present.
2026-01-24,S2,content-addressed tile packs,invalidated tile packs,62196,4556,2501,40.212,,,53346330,53.346330,estimated,estimated_from_reference_tilepack_median,mapdata/dist-v2/baden-wuerttemberg-bench/catalog.v2.json,mapdata/reports/deltas/daily-diff-analysis.csv,Tile invalidation proxy; replacement bytes are estimated from the available v2 tile-pack size distribution.
2026-01-24,S3,SQLite/RTree,SQL rows touched,62196,4556,126570,2035.018,995.763,7.867,,,false,sampled_sql_patch_payloads,mapdata/bench/karlsruhe_osc/*/v3_delta_manifest.json,mapdata/reports/deltas/daily-diff-analysis.csv,Host-side rollback simulation of exact SQL patch apply.
2026-01-24,S4,SQLite/RTree plus tile prefilter,SQL rows touched,62196,4556,171604,2759.084,1268.034,7.389,,,false,sampled_sql_patch_payloads,mapdata/bench/karlsruhe_osc/*/v3_delta_manifest.json,mapdata/reports/deltas/daily-diff-analysis.csv,Host-side rollback simulation of exact SQL patch apply.
2026-01-25,S1,global index files,invalidated index partitions,63064,5214,6603,104.703,,,915628973,915.628973,reference,observed_reference_full_replacement,mapdata/dist/baden-wuerttemberg-bench/manifest.json,mapdata/reports/deltas/daily-diff-analysis.csv,Partition invalidation proxy; replacement bytes are a reference full-artifact replacement when a manifest is present.
2026-01-25,S2,content-addressed tile packs,invalidated tile packs,63064,5214,2768,43.892,,,59041440,59.041440,estimated,estimated_from_reference_tilepack_median,mapdata/dist-v2/baden-wuerttemberg-bench/catalog.v2.json,mapdata/reports/deltas/daily-diff-analysis.csv,Tile invalidation proxy; replacement bytes are estimated from the available v2 tile-pack size distribution.
2026-01-25,S3,SQLite/RTree,SQL rows touched,63064,5214,131727,2088.783,1027.282,7.799,,,false,sampled_sql_patch_payloads,mapdata/bench/karlsruhe_osc/*/v3_delta_manifest.json,mapdata/reports/deltas/daily-diff-analysis.csv,Host-side rollback simulation of exact SQL patch apply.
2026-01-25,S4,SQLite/RTree plus tile prefilter,SQL rows touched,63064,5214,178967,2837.863,1400.943,7.828,,,false,sampled_sql_patch_payloads,mapdata/bench/karlsruhe_osc/*/v3_delta_manifest.json,mapdata/reports/deltas/daily-diff-analysis.csv,Host-side rollback simulation of exact SQL patch apply.
2026-01-26,S1,global index files,invalidated index partitions,67747,5037,6649,98.145,,,915628973,915.628973,reference,observed_reference_full_replacement,mapdata/dist/baden-wuerttemberg-bench/manifest.json,mapdata/reports/deltas/daily-diff-analysis.csv,Partition invalidation proxy; replacement bytes are a reference full-artifact replacement when a manifest is present.
2026-01-26,S2,content-addressed tile packs,invalidated tile packs,67747,5037,2773,40.932,,,59148090,59.148090,estimated,estimated_from_reference_tilepack_median,mapdata/dist-v2/baden-wuerttemberg-bench/catalog.v2.json,mapdata/reports/deltas/daily-diff-analysis.csv,Tile invalidation proxy; replacement bytes are estimated from the available v2 tile-pack size distribution.
2026-01-26,S3,SQLite/RTree,SQL rows touched,67747,5037,148143,2186.709,1149.023,7.756,,,false,sampled_sql_patch_payloads,mapdata/bench/karlsruhe_osc/*/v3_delta_manifest.json,mapdata/reports/deltas/daily-diff-analysis.csv,Host-side rollback simulation of exact SQL patch apply.
2026-01-26,S4,SQLite/RTree plus tile prefilter,SQL rows touched,67747,5037,200898,2965.415,1580.920,7.869,,,false,sampled_sql_patch_payloads,mapdata/bench/karlsruhe_osc/*/v3_delta_manifest.json,mapdata/reports/deltas/daily-diff-analysis.csv,Host-side rollback simulation of exact SQL patch apply.
2026-01-27,S1,global index files,invalidated index partitions,69793,4353,7092,101.615,,,915628973,915.628973,reference,observed_reference_full_replacement,mapdata/dist/baden-wuerttemberg-bench/manifest.json,mapdata/reports/deltas/daily-diff-analysis.csv,Partition invalidation proxy; replacement bytes are a reference full-artifact replacement when a manifest is present.
2026-01-27,S2,content-addressed tile packs,invalidated tile packs,69793,4353,2765,39.617,,,58977450,58.977450,estimated,estimated_from_reference_tilepack_median,mapdata/dist-v2/baden-wuerttemberg-bench/catalog.v2.json,mapdata/reports/deltas/daily-diff-analysis.csv,Tile invalidation proxy; replacement bytes are estimated from the available v2 tile-pack size distribution.
2026-01-27,S3,SQLite/RTree,SQL rows touched,69793,4353,155160,2223.146,1119.139,7.213,,,false,sampled_sql_patch_payloads,mapdata/bench/karlsruhe_osc/*/v3_delta_manifest.json,mapdata/reports/deltas/daily-diff-analysis.csv,Host-side rollback simulation of exact SQL patch apply.
2026-01-27,S4,SQLite/RTree plus tile prefilter,SQL rows touched,69793,4353,210165,3011.262,1559.550,7.421,,,false,sampled_sql_patch_payloads,mapdata/bench/karlsruhe_osc/*/v3_delta_manifest.json,mapdata/reports/deltas/daily-diff-analysis.csv,Host-side rollback simulation of exact SQL patch apply.
2026-01-28,S1,global index files,invalidated index partitions,65999,4596,6932,105.032,,,915628973,915.628973,reference,observed_reference_full_replacement,mapdata/dist/baden-wuerttemberg-bench/manifest.json,mapdata/reports/deltas/daily-diff-analysis.csv,Partition invalidation proxy; replacement bytes are a reference full-artifact replacement when a manifest is present.
2026-01-28,S2,content-addressed tile packs,invalidated tile packs,65999,4596,2713,41.107,,,57868290,57.868290,estimated,estimated_from_reference_tilepack_median,mapdata/dist-v2/baden-wuerttemberg-bench/catalog.v2.json,mapdata/reports/deltas/daily-diff-analysis.csv,Tile invalidation proxy; replacement bytes are estimated from the available v2 tile-pack size distribution.
2026-01-28,S3,SQLite/RTree,SQL rows touched,65999,4596,153966,2332.854,1102.858,7.163,,,false,sampled_sql_patch_payloads,mapdata/bench/karlsruhe_osc/*/v3_delta_manifest.json,mapdata/reports/deltas/daily-diff-analysis.csv,Host-side rollback simulation of exact SQL patch apply.
2026-01-28,S4,SQLite/RTree plus tile prefilter,SQL rows touched,65999,4596,208544,3159.805,1489.124,7.141,,,false,sampled_sql_patch_payloads,mapdata/bench/karlsruhe_osc/*/v3_delta_manifest.json,mapdata/reports/deltas/daily-diff-analysis.csv,Host-side rollback simulation of exact SQL patch apply.
2026-01-29,S1,global index files,invalidated index partitions,64731,4683,5895,91.069,,,915628973,915.628973,reference,observed_reference_full_replacement,mapdata/dist/baden-wuerttemberg-bench/manifest.json,mapdata/reports/deltas/daily-diff-analysis.csv,Partition invalidation proxy; replacement bytes are a reference full-artifact replacement when a manifest is present.
2026-01-29,S2,content-addressed tile packs,invalidated tile packs,64731,4683,2478,38.282,,,52855740,52.855740,estimated,estimated_from_reference_tilepack_median,mapdata/dist-v2/baden-wuerttemberg-bench/catalog.v2.json,mapdata/reports/deltas/daily-diff-analysis.csv,Tile invalidation proxy; replacement bytes are estimated from the available v2 tile-pack size distribution.
2026-01-29,S3,SQLite/RTree,SQL rows touched,64731,4683,151974,2347.778,1089.699,7.170,,,false,sampled_sql_patch_payloads,mapdata/bench/karlsruhe_osc/*/v3_delta_manifest.json,mapdata/reports/deltas/daily-diff-analysis.csv,Host-side rollback simulation of exact SQL patch apply.
2026-01-29,S4,SQLite/RTree plus tile prefilter,SQL rows touched,64731,4683,205633,3176.731,1435.856,6.983,,,false,sampled_sql_patch_payloads,mapdata/bench/karlsruhe_osc/*/v3_delta_manifest.json,mapdata/reports/deltas/daily-diff-analysis.csv,Host-side rollback simulation of exact SQL patch apply.
2026-01-30,S1,global index files,invalidated index partitions,62640,4603,6732,107.471,,,915628973,915.628973,reference,observed_reference_full_replacement,mapdata/dist/baden-wuerttemberg-bench/manifest.json,mapdata/reports/deltas/daily-diff-analysis.csv,Partition invalidation proxy; replacement bytes are a reference full-artifact replacement when a manifest is present.
2026-01-30,S2,content-addressed tile packs,invalidated tile packs,62640,4603,2577,41.140,,,54967410,54.967410,estimated,estimated_from_reference_tilepack_median,mapdata/dist-v2/baden-wuerttemberg-bench/catalog.v2.json,mapdata/reports/deltas/daily-diff-analysis.csv,Tile invalidation proxy; replacement bytes are estimated from the available v2 tile-pack size distribution.
2026-01-30,S3,SQLite/RTree,SQL rows touched,62640,4603,142650,2277.299,1019.000,7.143,,,false,sampled_sql_patch_payloads,mapdata/bench/karlsruhe_osc/*/v3_delta_manifest.json,mapdata/reports/deltas/daily-diff-analysis.csv,Host-side rollback simulation of exact SQL patch apply.
2026-01-30,S4,SQLite/RTree plus tile prefilter,SQL rows touched,62640,4603,192949,3080.284,1323.559,6.860,,,false,sampled_sql_patch_payloads,mapdata/bench/karlsruhe_osc/*/v3_delta_manifest.json,mapdata/reports/deltas/daily-diff-analysis.csv,Host-side rollback simulation of exact SQL patch apply.
2026-01-31,S1,global index files,invalidated index partitions,53963,4868,6916,128.162,,,915628973,915.628973,reference,observed_reference_full_replacement,mapdata/dist/baden-wuerttemberg-bench/manifest.json,mapdata/reports/deltas/daily-diff-analysis.csv,Partition invalidation proxy; replacement bytes are a reference full-artifact replacement when a manifest is present.
2026-01-31,S2,content-addressed tile packs,invalidated tile packs,53963,4868,2631,48.756,,,56119230,56.119230,estimated,estimated_from_reference_tilepack_median,mapdata/dist-v2/baden-wuerttemberg-bench/catalog.v2.json,mapdata/reports/deltas/daily-diff-analysis.csv,Tile invalidation proxy; replacement bytes are estimated from the available v2 tile-pack size distribution.
2026-01-31,S3,SQLite/RTree,SQL rows touched,53963,4868,122334,2266.998,987.688,8.074,,,false,sampled_sql_patch_payloads,mapdata/bench/karlsruhe_osc/*/v3_delta_manifest.json,mapdata/reports/deltas/daily-diff-analysis.csv,Host-side rollback simulation of exact SQL patch apply.
2026-01-31,S4,SQLite/RTree plus tile prefilter,SQL rows touched,53963,4868,165684,3070.326,1298.012,7.834,,,false,sampled_sql_patch_payloads,mapdata/bench/karlsruhe_osc/*/v3_delta_manifest.json,mapdata/reports/deltas/daily-diff-analysis.csv,Host-side rollback simulation of exact SQL patch apply.
2026-02-01,S1,global index files,invalidated index partitions,53215,5615,6805,127.877,,,915628973,915.628973,reference,observed_reference_full_replacement,mapdata/dist/baden-wuerttemberg-bench/manifest.json,mapdata/reports/deltas/daily-diff-analysis.csv,Partition invalidation proxy; replacement bytes are a reference full-artifact replacement when a manifest is present.
2026-02-01,S2,content-addressed tile packs,invalidated tile packs,53215,5615,2674,50.249,,,57036420,57.036420,estimated,estimated_from_reference_tilepack_median,mapdata/dist-v2/baden-wuerttemberg-bench/catalog.v2.json,mapdata/reports/deltas/daily-diff-analysis.csv,Tile invalidation proxy; replacement bytes are estimated from the available v2 tile-pack size distribution.
2026-02-01,S3,SQLite/RTree,SQL rows touched,53215,5615,115110,2163.112,968.186,8.411,,,false,sampled_sql_patch_payloads,mapdata/bench/karlsruhe_osc/*/v3_delta_manifest.json,mapdata/reports/deltas/daily-diff-analysis.csv,Host-side rollback simulation of exact SQL patch apply.
2026-02-01,S4,SQLite/RTree plus tile prefilter,SQL rows touched,53215,5615,156360,2938.269,1275.727,8.159,,,false,sampled_sql_patch_payloads,mapdata/bench/karlsruhe_osc/*/v3_delta_manifest.json,mapdata/reports/deltas/daily-diff-analysis.csv,Host-side rollback simulation of exact SQL patch apply.
2026-02-02,S1,global index files,invalidated index partitions,59449,5668,7516,126.428,,,915628973,915.628973,reference,observed_reference_full_replacement,mapdata/dist/baden-wuerttemberg-bench/manifest.json,mapdata/reports/deltas/daily-diff-analysis.csv,Partition invalidation proxy; replacement bytes are a reference full-artifact replacement when a manifest is present.
2026-02-02,S2,content-addressed tile packs,invalidated tile packs,59449,5668,2905,48.865,,,61963650,61.963650,estimated,estimated_from_reference_tilepack_median,mapdata/dist-v2/baden-wuerttemberg-bench/catalog.v2.json,mapdata/reports/deltas/daily-diff-analysis.csv,Tile invalidation proxy; replacement bytes are estimated from the available v2 tile-pack size distribution.
2026-02-02,S3,SQLite/RTree,SQL rows touched,59449,5668,131727,2215.798,1048.663,7.961,,,false,sampled_sql_patch_payloads,mapdata/bench/karlsruhe_osc/*/v3_delta_manifest.json,mapdata/reports/deltas/daily-diff-analysis.csv,Host-side rollback simulation of exact SQL patch apply.
2026-02-02,S4,SQLite/RTree plus tile prefilter,SQL rows touched,59449,5668,178776,3007.216,1399.587,7.829,,,false,sampled_sql_patch_payloads,mapdata/bench/karlsruhe_osc/*/v3_delta_manifest.json,mapdata/reports/deltas/daily-diff-analysis.csv,Host-side rollback simulation of exact SQL patch apply.
2026-02-03,S1,global index files,invalidated index partitions,64152,4810,6524,101.696,,,915628973,915.628973,reference,observed_reference_full_replacement,mapdata/dist/baden-wuerttemberg-bench/manifest.json,mapdata/reports/deltas/daily-diff-analysis.csv,Partition invalidation proxy; replacement bytes are a reference full-artifact replacement when a manifest is present.
2026-02-03,S2,content-addressed tile packs,invalidated tile packs,64152,4810,2616,40.778,,,55799280,55.799280,estimated,estimated_from_reference_tilepack_median,mapdata/dist-v2/baden-wuerttemberg-bench/catalog.v2.json,mapdata/reports/deltas/daily-diff-analysis.csv,Tile invalidation proxy; replacement bytes are estimated from the available v2 tile-pack size distribution.
2026-02-03,S3,SQLite/RTree,SQL rows touched,64152,4810,143160,2231.575,1033.149,7.217,,,false,sampled_sql_patch_payloads,mapdata/bench/karlsruhe_osc/*/v3_delta_manifest.json,mapdata/reports/deltas/daily-diff-analysis.csv,Host-side rollback simulation of exact SQL patch apply.
2026-02-03,S4,SQLite/RTree plus tile prefilter,SQL rows touched,64152,4810,193812,3021.137,1374.265,7.091,,,false,sampled_sql_patch_payloads,mapdata/bench/karlsruhe_osc/*/v3_delta_manifest.json,mapdata/reports/deltas/daily-diff-analysis.csv,Host-side rollback simulation of exact SQL patch apply.
2026-02-04,S1,global index files,invalidated index partitions,63148,5071,6387,101.143,,,915628973,915.628973,reference,observed_reference_full_replacement,mapdata/dist/baden-wuerttemberg-bench/manifest.json,mapdata/reports/deltas/daily-diff-analysis.csv,Partition invalidation proxy; replacement bytes are a reference full-artifact replacement when a manifest is present.
2026-02-04,S2,content-addressed tile packs,invalidated tile packs,63148,5071,2571,40.714,,,54839430,54.839430,estimated,estimated_from_reference_tilepack_median,mapdata/dist-v2/baden-wuerttemberg-bench/catalog.v2.json,mapdata/reports/deltas/daily-diff-analysis.csv,Tile invalidation proxy; replacement bytes are estimated from the available v2 tile-pack size distribution.
2026-02-04,S3,SQLite/RTree,SQL rows touched,63148,5071,136074,2154.843,1019.883,7.495,,,false,sampled_sql_patch_payloads,mapdata/bench/karlsruhe_osc/*/v3_delta_manifest.json,mapdata/reports/deltas/daily-diff-analysis.csv,Host-side rollback simulation of exact SQL patch apply.
2026-02-04,S4,SQLite/RTree plus tile prefilter,SQL rows touched,63148,5071,184173,2916.529,1358.713,7.377,,,false,sampled_sql_patch_payloads,mapdata/bench/karlsruhe_osc/*/v3_delta_manifest.json,mapdata/reports/deltas/daily-diff-analysis.csv,Host-side rollback simulation of exact SQL patch apply.
2026-02-05,S1,global index files,invalidated index partitions,55575,4701,6053,108.916,,,915628973,915.628973,reference,observed_reference_full_replacement,mapdata/dist/baden-wuerttemberg-bench/manifest.json,mapdata/reports/deltas/daily-diff-analysis.csv,Partition invalidation proxy; replacement bytes are a reference full-artifact replacement when a manifest is present.
2026-02-05,S2,content-addressed tile packs,invalidated tile packs,55575,4701,2546,45.812,,,54306180,54.306180,estimated,estimated_from_reference_tilepack_median,mapdata/dist-v2/baden-wuerttemberg-bench/catalog.v2.json,mapdata/reports/deltas/daily-diff-analysis.csv,Tile invalidation proxy; replacement bytes are estimated from the available v2 tile-pack size distribution.
2026-02-05,S3,SQLite/RTree,SQL rows touched,55575,4701,120651,2170.958,935.418,7.753,,,false,sampled_sql_patch_payloads,mapdata/bench/karlsruhe_osc/*/v3_delta_manifest.json,mapdata/reports/deltas/daily-diff-analysis.csv,Host-side rollback simulation of exact SQL patch apply.
2026-02-05,S4,SQLite/RTree plus tile prefilter,SQL rows touched,55575,4701,163337,2939.037,1232.808,7.548,,,false,sampled_sql_patch_payloads,mapdata/bench/karlsruhe_osc/*/v3_delta_manifest.json,mapdata/reports/deltas/daily-diff-analysis.csv,Host-side rollback simulation of exact SQL patch apply.
2026-02-06,S1,global index files,invalidated index partitions,59015,4029,6827,115.682,,,915628973,915.628973,reference,observed_reference_full_replacement,mapdata/dist/baden-wuerttemberg-bench/manifest.json,mapdata/reports/deltas/daily-diff-analysis.csv,Partition invalidation proxy; replacement bytes are a reference full-artifact replacement when a manifest is present.
2026-02-06,S2,content-addressed tile packs,invalidated tile packs,59015,4029,2748,46.564,,,58614840,58.614840,estimated,estimated_from_reference_tilepack_median,mapdata/dist-v2/baden-wuerttemberg-bench/catalog.v2.json,mapdata/reports/deltas/daily-diff-analysis.csv,Tile invalidation proxy; replacement bytes are estimated from the available v2 tile-pack size distribution.
2026-02-06,S3,SQLite/RTree,SQL rows touched,59015,4029,128457,2176.684,989.490,7.703,,,false,sampled_sql_patch_payloads,mapdata/bench/karlsruhe_osc/*/v3_delta_manifest.json,mapdata/reports/deltas/daily-diff-analysis.csv,Host-side rollback simulation of exact SQL patch apply.
2026-02-06,S4,SQLite/RTree plus tile prefilter,SQL rows touched,59015,4029,174272,2953.012,1337.103,7.673,,,false,sampled_sql_patch_payloads,mapdata/bench/karlsruhe_osc/*/v3_delta_manifest.json,mapdata/reports/deltas/daily-diff-analysis.csv,Host-side rollback simulation of exact SQL patch apply.
2026-02-07,S1,global index files,invalidated index partitions,56249,4915,7010,124.624,,,915628973,915.628973,reference,observed_reference_full_replacement,mapdata/dist/baden-wuerttemberg-bench/manifest.json,mapdata/reports/deltas/daily-diff-analysis.csv,Partition invalidation proxy; replacement bytes are a reference full-artifact replacement when a manifest is present.
2026-02-07,S2,content-addressed tile packs,invalidated tile packs,56249,4915,2804,49.850,,,59809320,59.809320,estimated,estimated_from_reference_tilepack_median,mapdata/dist-v2/baden-wuerttemberg-bench/catalog.v2.json,mapdata/reports/deltas/daily-diff-analysis.csv,Tile invalidation proxy; replacement bytes are estimated from the available v2 tile-pack size distribution.
2026-02-07,S3,SQLite/RTree,SQL rows touched,56249,4915,129987,2310.921,972.341,7.480,,,false,sampled_sql_patch_payloads,mapdata/bench/karlsruhe_osc/*/v3_delta_manifest.json,mapdata/reports/deltas/daily-diff-analysis.csv,Host-side rollback simulation of exact SQL patch apply.
2026-02-07,S4,SQLite/RTree plus tile prefilter,SQL rows touched,56249,4915,176401,3136.074,1358.934,7.704,,,false,sampled_sql_patch_payloads,mapdata/bench/karlsruhe_osc/*/v3_delta_manifest.json,mapdata/reports/deltas/daily-diff-analysis.csv,Host-side rollback simulation of exact SQL patch apply.
2026-02-08,S1,global index files,invalidated index partitions,57287,5310,7454,130.117,,,915628973,915.628973,reference,observed_reference_full_replacement,mapdata/dist/baden-wuerttemberg-bench/manifest.json,mapdata/reports/deltas/daily-diff-analysis.csv,Partition invalidation proxy; replacement bytes are a reference full-artifact replacement when a manifest is present.
2026-02-08,S2,content-addressed tile packs,invalidated tile packs,57287,5310,2907,50.744,,,62006310,62.006310,estimated,estimated_from_reference_tilepack_median,mapdata/dist-v2/baden-wuerttemberg-bench/catalog.v2.json,mapdata/reports/deltas/daily-diff-analysis.csv,Tile invalidation proxy; replacement bytes are estimated from the available v2 tile-pack size distribution.
2026-02-08,S3,SQLite/RTree,SQL rows touched,57287,5310,126696,2211.601,1029.927,8.129,,,false,sampled_sql_patch_payloads,mapdata/bench/karlsruhe_osc/*/v3_delta_manifest.json,mapdata/reports/deltas/daily-diff-analysis.csv,Host-side rollback simulation of exact SQL patch apply.
2026-02-08,S4,SQLite/RTree plus tile prefilter,SQL rows touched,57287,5310,172087,3003.945,1383.159,8.038,,,false,sampled_sql_patch_payloads,mapdata/bench/karlsruhe_osc/*/v3_delta_manifest.json,mapdata/reports/deltas/daily-diff-analysis.csv,Host-side rollback simulation of exact SQL patch apply.
2026-02-09,S1,global index files,invalidated index partitions,63391,4822,7418,117.020,,,915628973,915.628973,reference,observed_reference_full_replacement,mapdata/dist/baden-wuerttemberg-bench/manifest.json,mapdata/reports/deltas/daily-diff-analysis.csv,Partition invalidation proxy; replacement bytes are a reference full-artifact replacement when a manifest is present.
2026-02-09,S2,content-addressed tile packs,invalidated tile packs,63391,4822,2891,45.606,,,61665030,61.665030,estimated,estimated_from_reference_tilepack_median,mapdata/dist-v2/baden-wuerttemberg-bench/catalog.v2.json,mapdata/reports/deltas/daily-diff-analysis.csv,Tile invalidation proxy; replacement bytes are estimated from the available v2 tile-pack size distribution.
2026-02-09,S3,SQLite/RTree,SQL rows touched,63391,4822,140733,2220.079,1077.608,7.657,,,false,sampled_sql_patch_payloads,mapdata/bench/karlsruhe_osc/*/v3_delta_manifest.json,mapdata/reports/deltas/daily-diff-analysis.csv,Host-side rollback simulation of exact SQL patch apply.
2026-02-09,S4,SQLite/RTree plus tile prefilter,SQL rows touched,63391,4822,190680,3007.998,1420.848,7.451,,,false,sampled_sql_patch_payloads,mapdata/bench/karlsruhe_osc/*/v3_delta_manifest.json,mapdata/reports/deltas/daily-diff-analysis.csv,Host-side rollback simulation of exact SQL patch apply.
2026-02-10,S1,global index files,invalidated index partitions,66493,4997,6884,103.530,,,915628973,915.628973,reference,observed_reference_full_replacement,mapdata/dist/baden-wuerttemberg-bench/manifest.json,mapdata/reports/deltas/daily-diff-analysis.csv,Partition invalidation proxy; replacement bytes are a reference full-artifact replacement when a manifest is present.
2026-02-10,S2,content-addressed tile packs,invalidated tile packs,66493,4997,2791,41.974,,,59532030,59.532030,estimated,estimated_from_reference_tilepack_median,mapdata/dist-v2/baden-wuerttemberg-bench/catalog.v2.json,mapdata/reports/deltas/daily-diff-analysis.csv,Tile invalidation proxy; replacement bytes are estimated from the available v2 tile-pack size distribution.
2026-02-10,S3,SQLite/RTree,SQL rows touched,66493,4997,158028,2376.611,1096.130,6.936,,,false,sampled_sql_patch_payloads,mapdata/bench/karlsruhe_osc/*/v3_delta_manifest.json,mapdata/reports/deltas/daily-diff-analysis.csv,Host-side rollback simulation of exact SQL patch apply.
2026-02-10,S4,SQLite/RTree plus tile prefilter,SQL rows touched,66493,4997,213766,3214.865,1450.579,6.786,,,false,sampled_sql_patch_payloads,mapdata/bench/karlsruhe_osc/*/v3_delta_manifest.json,mapdata/reports/deltas/daily-diff-analysis.csv,Host-side rollback simulation of exact SQL patch apply.
2026-02-11,S1,global index files,invalidated index partitions,60647,4906,6702,110.508,,,915628973,915.628973,reference,observed_reference_full_replacement,mapdata/dist/baden-wuerttemberg-bench/manifest.json,mapdata/reports/deltas/daily-diff-analysis.csv,Partition invalidation proxy; replacement bytes are a reference full-artifact replacement when a manifest is present.
2026-02-11,S2,content-addressed tile packs,invalidated tile packs,60647,4906,2711,44.701,,,57825630,57.825630,estimated,estimated_from_reference_tilepack_median,mapdata/dist-v2/baden-wuerttemberg-bench/catalog.v2.json,mapdata/reports/deltas/daily-diff-analysis.csv,Tile invalidation proxy; replacement bytes are estimated from the available v2 tile-pack size distribution.
2026-02-11,S3,SQLite/RTree,SQL rows touched,60647,4906,146115,2409.270,1179.692,8.074,,,false,sampled_sql_patch_payloads,mapdata/bench/karlsruhe_osc/*/v3_delta_manifest.json,mapdata/reports/deltas/daily-diff-analysis.csv,Host-side rollback simulation of exact SQL patch apply.
2026-02-11,S4,SQLite/RTree plus tile prefilter,SQL rows touched,60647,4906,197824,3261.893,1505.814,7.612,,,false,sampled_sql_patch_payloads,mapdata/bench/karlsruhe_osc/*/v3_delta_manifest.json,mapdata/reports/deltas/daily-diff-analysis.csv,Host-side rollback simulation of exact SQL patch apply.
2026-02-12,S1,global index files,invalidated index partitions,57106,4330,6385,111.810,,,915628973,915.628973,reference,observed_reference_full_replacement,mapdata/dist/baden-wuerttemberg-bench/manifest.json,mapdata/reports/deltas/daily-diff-analysis.csv,Partition invalidation proxy; replacement bytes are a reference full-artifact replacement when a manifest is present.
2026-02-12,S2,content-addressed tile packs,invalidated tile packs,57106,4330,2561,44.846,,,54626130,54.626130,estimated,estimated_from_reference_tilepack_median,mapdata/dist-v2/baden-wuerttemberg-bench/catalog.v2.json,mapdata/reports/deltas/daily-diff-analysis.csv,Tile invalidation proxy; replacement bytes are estimated from the available v2 tile-pack size distribution.
2026-02-12,S3,SQLite/RTree,SQL rows touched,57106,4330,129669,2270.672,1025.024,7.905,,,false,sampled_sql_patch_payloads,mapdata/bench/karlsruhe_osc/*/v3_delta_manifest.json,mapdata/reports/deltas/daily-diff-analysis.csv,Host-side rollback simulation of exact SQL patch apply.
2026-02-12,S4,SQLite/RTree plus tile prefilter,SQL rows touched,57106,4330,175861,3079.554,1331.874,7.573,,,false,sampled_sql_patch_payloads,mapdata/bench/karlsruhe_osc/*/v3_delta_manifest.json,mapdata/reports/deltas/daily-diff-analysis.csv,Host-side rollback simulation of exact SQL patch apply.
2026-02-13,S1,global index files,invalidated index partitions,57965,4009,7070,121.970,,,915628973,915.628973,reference,observed_reference_full_replacement,mapdata/dist/baden-wuerttemberg-bench/manifest.json,mapdata/reports/deltas/daily-diff-analysis.csv,Partition invalidation proxy; replacement bytes are a reference full-artifact replacement when a manifest is present.
2026-02-13,S2,content-addressed tile packs,invalidated tile packs,57965,4009,2645,45.631,,,56417850,56.417850,estimated,estimated_from_reference_tilepack_median,mapdata/dist-v2/baden-wuerttemberg-bench/catalog.v2.json,mapdata/reports/deltas/daily-diff-analysis.csv,Tile invalidation proxy; replacement bytes are estimated from the available v2 tile-pack size distribution.
2026-02-13,S3,SQLite/RTree,SQL rows touched,57965,4009,125466,2164.513,936.423,7.464,,,false,sampled_sql_patch_payloads,mapdata/bench/karlsruhe_osc/*/v3_delta_manifest.json,mapdata/reports/deltas/daily-diff-analysis.csv,Host-side rollback simulation of exact SQL patch apply.
2026-02-13,S4,SQLite/RTree plus tile prefilter,SQL rows touched,57965,4009,170762,2945.950,1244.267,7.287,,,false,sampled_sql_patch_payloads,mapdata/bench/karlsruhe_osc/*/v3_delta_manifest.json,mapdata/reports/deltas/daily-diff-analysis.csv,Host-side rollback simulation of exact SQL patch apply.
2026-02-14,S1,global index files,invalidated index partitions,57484,4185,6724,116.972,,,915628973,915.628973,reference,observed_reference_full_replacement,mapdata/dist/baden-wuerttemberg-bench/manifest.json,mapdata/reports/deltas/daily-diff-analysis.csv,Partition invalidation proxy; replacement bytes are a reference full-artifact replacement when a manifest is present.
2026-02-14,S2,content-addressed tile packs,invalidated tile packs,57484,4185,2585,44.969,,,55138050,55.138050,estimated,estimated_from_reference_tilepack_median,mapdata/dist-v2/baden-wuerttemberg-bench/catalog.v2.json,mapdata/reports/deltas/daily-diff-analysis.csv,Tile invalidation proxy; replacement bytes are estimated from the available v2 tile-pack size distribution.
2026-02-14,S3,SQLite/RTree,SQL rows touched,57484,4185,127221,2213.155,945.538,7.432,,,false,sampled_sql_patch_payloads,mapdata/bench/karlsruhe_osc/*/v3_delta_manifest.json,mapdata/reports/deltas/daily-diff-analysis.csv,Host-side rollback simulation of exact SQL patch apply.
2026-02-14,S4,SQLite/RTree plus tile prefilter,SQL rows touched,57484,4185,172952,3008.698,1236.376,7.149,,,false,sampled_sql_patch_payloads,mapdata/bench/karlsruhe_osc/*/v3_delta_manifest.json,mapdata/reports/deltas/daily-diff-analysis.csv,Host-side rollback simulation of exact SQL patch apply.
2026-02-15,S1,global index files,invalidated index partitions,64278,4223,6799,105.775,,,915628973,915.628973,reference,observed_reference_full_replacement,mapdata/dist/baden-wuerttemberg-bench/manifest.json,mapdata/reports/deltas/daily-diff-analysis.csv,Partition invalidation proxy; replacement bytes are a reference full-artifact replacement when a manifest is present.
2026-02-15,S2,content-addressed tile packs,invalidated tile packs,64278,4223,2713,42.207,,,57868290,57.868290,estimated,estimated_from_reference_tilepack_median,mapdata/dist-v2/baden-wuerttemberg-bench/catalog.v2.json,mapdata/reports/deltas/daily-diff-analysis.csv,Tile invalidation proxy; replacement bytes are estimated from the available v2 tile-pack size distribution.
2026-02-15,S3,SQLite/RTree,SQL rows touched,64278,4223,135927,2114.674,1054.910,7.761,,,false,sampled_sql_patch_payloads,mapdata/bench/karlsruhe_osc/*/v3_delta_manifest.json,mapdata/reports/deltas/daily-diff-analysis.csv,Host-side rollback simulation of exact SQL patch apply.
2026-02-15,S4,SQLite/RTree plus tile prefilter,SQL rows touched,64278,4223,184434,2869.318,1384.131,7.505,,,false,sampled_sql_patch_payloads,mapdata/bench/karlsruhe_osc/*/v3_delta_manifest.json,mapdata/reports/deltas/daily-diff-analysis.csv,Host-side rollback simulation of exact SQL patch apply.
2026-02-16,S1,global index files,invalidated index partitions,66416,4496,7318,110.184,,,915628973,915.628973,reference,observed_reference_full_replacement,mapdata/dist/baden-wuerttemberg-bench/manifest.json,mapdata/reports/deltas/daily-diff-analysis.csv,Partition invalidation proxy; replacement bytes are a reference full-artifact replacement when a manifest is present.
2026-02-16,S2,content-addressed tile packs,invalidated tile packs,66416,4496,2897,43.619,,,61793010,61.793010,estimated,estimated_from_reference_tilepack_median,mapdata/dist-v2/baden-wuerttemberg-bench/catalog.v2.json,mapdata/reports/deltas/daily-diff-analysis.csv,Tile invalidation proxy; replacement bytes are estimated from the available v2 tile-pack size distribution.
2026-02-16,S3,SQLite/RTree,SQL rows touched,66416,4496,142530,2146.019,1141.831,8.011,,,false,sampled_sql_patch_payloads,mapdata/bench/karlsruhe_osc/*/v3_delta_manifest.json,mapdata/reports/deltas/daily-diff-analysis.csv,Host-side rollback simulation of exact SQL patch apply.
2026-02-16,S4,SQLite/RTree plus tile prefilter,SQL rows touched,66416,4496,193145,2908.109,1479.968,7.662,,,false,sampled_sql_patch_payloads,mapdata/bench/karlsruhe_osc/*/v3_delta_manifest.json,mapdata/reports/deltas/daily-diff-analysis.csv,Host-side rollback simulation of exact SQL patch apply.
2026-02-17,S1,global index files,invalidated index partitions,61506,4237,6082,98.885,,,915628973,915.628973,reference,observed_reference_full_replacement,mapdata/dist/baden-wuerttemberg-bench/manifest.json,mapdata/reports/deltas/daily-diff-analysis.csv,Partition invalidation proxy; replacement bytes are a reference full-artifact replacement when a manifest is present.
2026-02-17,S2,content-addressed tile packs,invalidated tile packs,61506,4237,2693,43.784,,,57441690,57.441690,estimated,estimated_from_reference_tilepack_median,mapdata/dist-v2/baden-wuerttemberg-bench/catalog.v2.json,mapdata/reports/deltas/daily-diff-analysis.csv,Tile invalidation proxy; replacement bytes are estimated from the available v2 tile-pack size distribution.
2026-02-17,S3,SQLite/RTree,SQL rows touched,61506,4237,130779,2126.280,1039.890,7.952,,,false,sampled_sql_patch_payloads,mapdata/bench/karlsruhe_osc/*/v3_delta_manifest.json,mapdata/reports/deltas/daily-diff-analysis.csv,Host-side rollback simulation of exact SQL patch apply.
2026-02-17,S4,SQLite/RTree plus tile prefilter,SQL rows touched,61506,4237,177099,2879.378,1300.402,7.343,,,false,sampled_sql_patch_payloads,mapdata/bench/karlsruhe_osc/*/v3_delta_manifest.json,mapdata/reports/deltas/daily-diff-analysis.csv,Host-side rollback simulation of exact SQL patch apply.
2026-02-18,S1,global index files,invalidated index partitions,58000,3894,6488,111.862,,,915628973,915.628973,reference,observed_reference_full_replacement,mapdata/dist/baden-wuerttemberg-bench/manifest.json,mapdata/reports/deltas/daily-diff-analysis.csv,Partition invalidation proxy; replacement bytes are a reference full-artifact replacement when a manifest is present.
2026-02-18,S2,content-addressed tile packs,invalidated tile packs,58000,3894,2638,45.483,,,56268540,56.268540,estimated,estimated_from_reference_tilepack_median,mapdata/dist-v2/baden-wuerttemberg-bench/catalog.v2.json,mapdata/reports/deltas/daily-diff-analysis.csv,Tile invalidation proxy; replacement bytes are estimated from the available v2 tile-pack size distribution.
2026-02-18,S3,SQLite/RTree,SQL rows touched,58000,3894,122685,2115.259,891.582,7.267,,,false,sampled_sql_patch_payloads,mapdata/bench/karlsruhe_osc/*/v3_delta_manifest.json,mapdata/reports/deltas/daily-diff-analysis.csv,Host-side rollback simulation of exact SQL patch apply.
2026-02-18,S4,SQLite/RTree plus tile prefilter,SQL rows touched,58000,3894,166434,2869.552,1246.570,7.490,,,false,sampled_sql_patch_payloads,mapdata/bench/karlsruhe_osc/*/v3_delta_manifest.json,mapdata/reports/deltas/daily-diff-analysis.csv,Host-side rollback simulation of exact SQL patch apply.
2026-02-19,S1,global index files,invalidated index partitions,56460,4465,6623,117.304,,,915628973,915.628973,reference,observed_reference_full_replacement,mapdata/dist/baden-wuerttemberg-bench/manifest.json,mapdata/reports/deltas/daily-diff-analysis.csv,Partition invalidation proxy; replacement bytes are a reference full-artifact replacement when a manifest is present.
2026-02-19,S2,content-addressed tile packs,invalidated tile packs,56460,4465,2655,47.024,,,56631150,56.631150,estimated,estimated_from_reference_tilepack_median,mapdata/dist-v2/baden-wuerttemberg-bench/catalog.v2.json,mapdata/reports/deltas/daily-diff-analysis.csv,Tile invalidation proxy; replacement bytes are estimated from the available v2 tile-pack size distribution.
2026-02-19,S3,SQLite/RTree,SQL rows touched,56460,4465,129999,2302.497,998.574,7.681,,,false,sampled_sql_patch_payloads,mapdata/bench/karlsruhe_osc/*/v3_delta_manifest.json,mapdata/reports/deltas/daily-diff-analysis.csv,Host-side rollback simulation of exact SQL patch apply.
2026-02-19,S4,SQLite/RTree plus tile prefilter,SQL rows touched,56460,4465,176110,3119.199,1333.923,7.574,,,false,sampled_sql_patch_payloads,mapdata/bench/karlsruhe_osc/*/v3_delta_manifest.json,mapdata/reports/deltas/daily-diff-analysis.csv,Host-side rollback simulation of exact SQL patch apply.
2026-02-20,S1,global index files,invalidated index partitions,59709,5046,5672,94.994,,,915628973,915.628973,reference,observed_reference_full_replacement,mapdata/dist/baden-wuerttemberg-bench/manifest.json,mapdata/reports/deltas/daily-diff-analysis.csv,Partition invalidation proxy; replacement bytes are a reference full-artifact replacement when a manifest is present.
2026-02-20,S2,content-addressed tile packs,invalidated tile packs,59709,5046,2542,42.573,,,54220860,54.220860,estimated,estimated_from_reference_tilepack_median,mapdata/dist-v2/baden-wuerttemberg-bench/catalog.v2.json,mapdata/reports/deltas/daily-diff-analysis.csv,Tile invalidation proxy; replacement bytes are estimated from the available v2 tile-pack size distribution.
2026-02-20,S3,SQLite/RTree,SQL rows touched,59709,5046,137895,2309.451,1073.542,7.785,,,false,sampled_sql_patch_payloads,mapdata/bench/karlsruhe_osc/*/v3_delta_manifest.json,mapdata/reports/deltas/daily-diff-analysis.csv,Host-side rollback simulation of exact SQL patch apply.
2026-02-20,S4,SQLite/RTree plus tile prefilter,SQL rows touched,59709,5046,186315,3120.384,1395.640,7.491,,,false,sampled_sql_patch_payloads,mapdata/bench/karlsruhe_osc/*/v3_delta_manifest.json,mapdata/reports/deltas/daily-diff-analysis.csv,Host-side rollback simulation of exact SQL patch apply.
