section,answer,notes
status,review_draft,"Internal checklist; not a submitted form or Google CSV import template."
data_collection,yes,"Optional authenticated Panoramax photos with GPS metadata user IDs and embedded sign annotations leave the device."
data_sharing,review_pending,"OSM France is independent; HSPF processing role unverified. Verify user-initiated disclosure/consent and subsequent server uses before choosing No."
tracking,no_app_tracking,"No app advertising or tracking SDK; confirm supported server practices."
encryption_in_transit,yes_known_app_flows,"Downloads and Panoramax account/upload requests use HTTPS; verify final binary and external export scope."
delete_data,owner_url_saved,"Owner selected https://panoramax.youspeed.de/terms-of-service; saved for deletion in Play. Prepared Moonshots contact and account/data request amendment is not deployed. Local delete and Disconnect do not delete remote uploads/accounts; execution and retention remain unverified."
account_deletion_applicability,recommended_yes_owner_review,"OSM France creates contributor account on first login; external Sign Up is exposed. Google includes app-directed external creation. No submitted Console answer."
name_email,review_pending,"YouSpeed server policy lists contact fields; confirm app-directed browser/account-service scope and retention before final categories."
server_diagnostics_and_research,review_pending,"Published YouSpeed purposes include server security/error analysis and research. Confirm retained data types and purpose mapping; do not answer unknown handling No."
photos,collected_optional,"Panoramax selected JPEG upload; App functionality; not ephemeral."
location_precise,collected_optional,"GPS in uploaded JPEGs; App functionality; core live positioning remains on device."
user_ids,collected_optional,"Panoramax authorization/account association; App functionality and Account management."
other_user_generated_content,collected_optional,"Sign/capture annotations embedded in uploaded photos; App functionality."
voice_or_sound_recordings,local_only,"Optional local Vosk recognition and bounded Wrong-command listening; no cloud fallback."
videos,local_only,"Dashcam videos are local until user shares through an external app; no automatic Panoramax video upload."
diagnostics,review_pending,"Logging enabled by default and local; review voluntary support exports and host log retention separately."
background_location,no_permission,"No ACCESS_BACKGROUND_LOCATION or persistent foreground driving service; do not advertise background driving."
