architecture,architecture_label,stratum,distance_mode,n,probe_count,mean_core_ms,p50_core_ms,p95_core_ms,max_core_ms,mean_total_ms,p95_total_ms,mean_wall_ms,p95_wall_ms,mean_candidate_way_ids,mean_scored_rows,artifact_path
S1,global index files,distance_fallback,bbox,2,1,8.330,8.330,8.490,8.490,256.600,258.060,299.226,301.129,903.00,903.00,mapdata/dist/karlsruhe-regbez
S1,global index files,distance_fallback,hybrid,2,1,121.985,121.985,123.830,123.830,314.260,314.650,360.616,361.124,903.00,903.00,mapdata/dist/karlsruhe-regbez
S1,global index files,distance_fallback,polyline,2,1,142.090,142.090,143.150,143.150,327.610,335.820,374.624,382.351,903.00,903.00,mapdata/dist/karlsruhe-regbez
S1,global index files,low_speed_intersection,bbox,2,1,13.035,13.035,13.130,13.130,256.575,257.440,300.966,301.433,1439.00,1439.00,mapdata/dist/karlsruhe-regbez
S1,global index files,low_speed_intersection,hybrid,2,1,129.160,129.160,129.550,129.550,321.665,327.600,369.610,375.052,1439.00,1439.00,mapdata/dist/karlsruhe-regbez
S1,global index files,low_speed_intersection,polyline,2,1,149.860,149.860,153.020,153.020,329.205,331.390,377.464,379.715,1439.00,1439.00,mapdata/dist/karlsruhe-regbez
S1,global index files,motorway_highspeed,bbox,2,1,6.170,6.170,6.260,6.260,252.500,253.710,296.067,297.464,672.00,672.00,mapdata/dist/karlsruhe-regbez
S1,global index files,motorway_highspeed,hybrid,2,1,120.015,120.015,122.320,122.320,312.095,313.730,359.442,360.469,672.00,672.00,mapdata/dist/karlsruhe-regbez
S1,global index files,motorway_highspeed,polyline,2,1,128.560,128.560,128.640,128.640,310.325,313.440,357.358,360.950,672.00,672.00,mapdata/dist/karlsruhe-regbez
S1,global index files,no_match_gap,bbox,2,1,8.475,8.475,8.500,8.500,270.375,281.570,314.042,324.591,903.00,903.00,mapdata/dist/karlsruhe-regbez
S1,global index files,no_match_gap,hybrid,2,1,123.015,123.015,124.460,124.460,315.190,316.910,362.661,364.742,903.00,903.00,mapdata/dist/karlsruhe-regbez
S1,global index files,no_match_gap,polyline,2,1,135.855,135.855,137.830,137.830,318.945,320.670,366.499,368.254,903.00,903.00,mapdata/dist/karlsruhe-regbez
S1,global index files,regional_arterial_ref,bbox,2,1,7.875,7.875,7.990,7.990,254.130,255.350,298.411,299.411,856.00,856.00,mapdata/dist/karlsruhe-regbez
S1,global index files,regional_arterial_ref,hybrid,2,1,122.715,122.715,124.180,124.180,308.985,312.310,356.433,359.373,856.00,856.00,mapdata/dist/karlsruhe-regbez
S1,global index files,regional_arterial_ref,polyline,2,1,131.675,131.675,134.120,134.120,315.220,316.930,362.976,364.536,856.00,856.00,mapdata/dist/karlsruhe-regbez
S1,global index files,same_name_release,bbox,2,1,13.260,13.260,13.260,13.260,262.070,262.430,306.603,306.675,1439.00,1439.00,mapdata/dist/karlsruhe-regbez
S1,global index files,same_name_release,hybrid,2,1,129.205,129.205,130.580,130.580,320.050,320.360,367.859,368.051,1439.00,1439.00,mapdata/dist/karlsruhe-regbez
S1,global index files,same_name_release,polyline,2,1,150.685,150.685,155.630,155.630,336.830,341.550,385.369,390.173,1439.00,1439.00,mapdata/dist/karlsruhe-regbez
S1,global index files,same_ref_parallel,bbox,2,1,12.955,12.955,13.000,13.000,260.520,264.500,304.939,309.215,1439.00,1439.00,mapdata/dist/karlsruhe-regbez
S1,global index files,same_ref_parallel,hybrid,2,1,130.650,130.650,131.040,131.040,318.500,319.210,366.733,367.505,1439.00,1439.00,mapdata/dist/karlsruhe-regbez
S1,global index files,same_ref_parallel,polyline,2,1,149.375,149.375,152.460,152.460,327.390,328.110,374.897,375.157,1439.00,1439.00,mapdata/dist/karlsruhe-regbez
S1,global index files,tunnel_portal,bbox,2,1,15.910,15.910,16.130,16.130,263.880,267.300,309.279,312.937,1739.00,1739.00,mapdata/dist/karlsruhe-regbez
S1,global index files,tunnel_portal,hybrid,2,1,132.895,132.895,133.960,133.960,321.530,322.400,368.495,369.164,1739.00,1739.00,mapdata/dist/karlsruhe-regbez
S1,global index files,tunnel_portal,polyline,2,1,174.025,174.025,188.270,188.270,340.950,350.370,389.786,400.202,1739.00,1739.00,mapdata/dist/karlsruhe-regbez
S1,global index files,urban_dense_low_gps,bbox,2,1,7.045,7.045,7.220,7.220,253.005,255.060,296.440,297.898,752.00,752.00,mapdata/dist/karlsruhe-regbez
S1,global index files,urban_dense_low_gps,hybrid,2,1,120.130,120.130,121.040,121.040,309.975,310.520,357.592,358.029,752.00,752.00,mapdata/dist/karlsruhe-regbez
S1,global index files,urban_dense_low_gps,polyline,2,1,130.600,130.600,133.100,133.100,317.075,317.970,363.795,364.631,752.00,752.00,mapdata/dist/karlsruhe-regbez
S1,global index files,urban_same_name_parallel,bbox,2,1,6.940,6.940,6.960,6.960,257.830,258.090,301.672,302.506,752.00,752.00,mapdata/dist/karlsruhe-regbez
S1,global index files,urban_same_name_parallel,hybrid,2,1,122.030,122.030,123.580,123.580,311.565,313.820,358.873,360.763,752.00,752.00,mapdata/dist/karlsruhe-regbez
S1,global index files,urban_same_name_parallel,polyline,2,1,132.540,132.540,132.980,132.980,314.865,316.790,361.467,362.958,752.00,752.00,mapdata/dist/karlsruhe-regbez
S1,global index files,urban_transition,bbox,2,1,6.925,6.925,6.930,6.930,251.810,255.500,296.032,299.394,752.00,752.00,mapdata/dist/karlsruhe-regbez
S1,global index files,urban_transition,hybrid,2,1,128.940,128.940,135.650,135.650,326.035,331.710,374.882,379.685,752.00,752.00,mapdata/dist/karlsruhe-regbez
S1,global index files,urban_transition,polyline,2,1,130.890,130.890,133.110,133.110,316.000,318.650,363.024,365.433,752.00,752.00,mapdata/dist/karlsruhe-regbez
S3,SQLite/RTree,distance_fallback,bbox,2,1,15.225,15.225,15.440,15.440,15.655,15.850,45.440,45.515,977.00,977.00,mapdata/dist-v3/karlsruhe-regbez/speeds_v3.sqlite
S3,SQLite/RTree,distance_fallback,hybrid,2,1,17.430,17.430,17.470,17.470,16.745,16.750,45.978,46.132,977.00,977.00,mapdata/dist-v3/karlsruhe-regbez/speeds_v3.sqlite
S3,SQLite/RTree,distance_fallback,polyline,2,1,23.285,23.285,23.490,23.490,19.440,19.660,49.732,49.981,977.00,977.00,mapdata/dist-v3/karlsruhe-regbez/speeds_v3.sqlite
S3,SQLite/RTree,low_speed_intersection,bbox,2,1,10.890,10.890,11.040,11.040,11.290,11.440,40.489,41.052,581.00,581.00,mapdata/dist-v3/karlsruhe-regbez/speeds_v3.sqlite
S3,SQLite/RTree,low_speed_intersection,hybrid,2,1,13.460,13.460,13.540,13.540,12.515,12.590,42.392,42.868,581.00,581.00,mapdata/dist-v3/karlsruhe-regbez/speeds_v3.sqlite
S3,SQLite/RTree,low_speed_intersection,polyline,2,1,17.045,17.045,17.090,17.090,14.495,14.570,43.866,44.018,581.00,581.00,mapdata/dist-v3/karlsruhe-regbez/speeds_v3.sqlite
S3,SQLite/RTree,motorway_highspeed,bbox,2,1,12.090,12.090,12.200,12.200,12.520,12.610,42.156,42.208,535.00,535.00,mapdata/dist-v3/karlsruhe-regbez/speeds_v3.sqlite
S3,SQLite/RTree,motorway_highspeed,hybrid,2,1,14.620,14.620,14.730,14.730,13.650,13.690,43.358,43.620,535.00,535.00,mapdata/dist-v3/karlsruhe-regbez/speeds_v3.sqlite
S3,SQLite/RTree,motorway_highspeed,polyline,2,1,17.465,17.465,17.520,17.520,15.285,15.300,45.136,45.216,535.00,535.00,mapdata/dist-v3/karlsruhe-regbez/speeds_v3.sqlite
S3,SQLite/RTree,no_match_gap,bbox,2,1,12.655,12.655,12.820,12.820,13.140,13.210,42.878,42.966,650.00,650.00,mapdata/dist-v3/karlsruhe-regbez/speeds_v3.sqlite
S3,SQLite/RTree,no_match_gap,hybrid,2,1,15.205,15.205,15.250,15.250,14.495,14.500,44.314,44.689,650.00,650.00,mapdata/dist-v3/karlsruhe-regbez/speeds_v3.sqlite
S3,SQLite/RTree,no_match_gap,polyline,2,1,18.510,18.510,18.720,18.720,16.065,16.220,45.641,46.067,650.00,650.00,mapdata/dist-v3/karlsruhe-regbez/speeds_v3.sqlite
S3,SQLite/RTree,regional_arterial_ref,bbox,2,1,12.370,12.370,12.400,12.400,12.810,12.850,41.903,42.485,618.00,618.00,mapdata/dist-v3/karlsruhe-regbez/speeds_v3.sqlite
S3,SQLite/RTree,regional_arterial_ref,hybrid,2,1,15.005,15.005,15.070,15.070,14.120,14.180,43.700,43.714,618.00,618.00,mapdata/dist-v3/karlsruhe-regbez/speeds_v3.sqlite
S3,SQLite/RTree,regional_arterial_ref,polyline,2,1,18.365,18.365,18.560,18.560,15.670,15.920,44.961,45.774,618.00,618.00,mapdata/dist-v3/karlsruhe-regbez/speeds_v3.sqlite
S3,SQLite/RTree,same_name_release,bbox,2,1,12.225,12.225,12.230,12.230,12.670,12.700,42.017,42.141,744.00,744.00,mapdata/dist-v3/karlsruhe-regbez/speeds_v3.sqlite
S3,SQLite/RTree,same_name_release,hybrid,2,1,15.460,15.460,15.490,15.490,14.445,14.450,46.054,47.504,744.00,744.00,mapdata/dist-v3/karlsruhe-regbez/speeds_v3.sqlite
S3,SQLite/RTree,same_name_release,polyline,2,1,19.385,19.385,19.780,19.780,16.245,16.600,45.471,46.585,744.00,744.00,mapdata/dist-v3/karlsruhe-regbez/speeds_v3.sqlite
S3,SQLite/RTree,same_ref_parallel,bbox,2,1,16.360,16.360,16.400,16.400,16.840,16.860,46.666,46.740,1271.00,1271.00,mapdata/dist-v3/karlsruhe-regbez/speeds_v3.sqlite
S3,SQLite/RTree,same_ref_parallel,hybrid,2,1,19.370,19.370,19.650,19.650,18.380,18.550,48.269,48.366,1271.00,1271.00,mapdata/dist-v3/karlsruhe-regbez/speeds_v3.sqlite
S3,SQLite/RTree,same_ref_parallel,polyline,2,1,27.150,27.150,27.150,27.150,22.315,22.350,51.873,52.261,1271.00,1271.00,mapdata/dist-v3/karlsruhe-regbez/speeds_v3.sqlite
S3,SQLite/RTree,tunnel_portal,bbox,2,1,19.680,19.680,19.790,19.790,20.205,20.310,50.571,50.793,1660.00,1660.00,mapdata/dist-v3/karlsruhe-regbez/speeds_v3.sqlite
S3,SQLite/RTree,tunnel_portal,hybrid,2,1,22.180,22.180,22.230,22.230,21.520,21.580,51.141,51.229,1660.00,1660.00,mapdata/dist-v3/karlsruhe-regbez/speeds_v3.sqlite
S3,SQLite/RTree,tunnel_portal,polyline,2,1,33.475,33.475,33.610,33.610,27.190,27.250,57.416,57.498,1660.00,1660.00,mapdata/dist-v3/karlsruhe-regbez/speeds_v3.sqlite
S3,SQLite/RTree,urban_dense_low_gps,bbox,2,1,12.620,12.620,12.630,12.630,13.035,13.050,42.630,42.947,686.00,686.00,mapdata/dist-v3/karlsruhe-regbez/speeds_v3.sqlite
S3,SQLite/RTree,urban_dense_low_gps,hybrid,2,1,14.645,14.645,14.790,14.790,13.920,14.050,43.515,43.830,686.00,686.00,mapdata/dist-v3/karlsruhe-regbez/speeds_v3.sqlite
S3,SQLite/RTree,urban_dense_low_gps,polyline,2,1,20.750,20.750,21.930,21.930,17.560,18.460,48.032,49.385,686.00,686.00,mapdata/dist-v3/karlsruhe-regbez/speeds_v3.sqlite
S3,SQLite/RTree,urban_same_name_parallel,bbox,2,1,12.845,12.845,12.960,12.960,13.275,13.390,43.368,43.702,634.00,634.00,mapdata/dist-v3/karlsruhe-regbez/speeds_v3.sqlite
S3,SQLite/RTree,urban_same_name_parallel,hybrid,2,1,14.850,14.850,15.040,15.040,13.970,14.170,43.448,43.762,634.00,634.00,mapdata/dist-v3/karlsruhe-regbez/speeds_v3.sqlite
S3,SQLite/RTree,urban_same_name_parallel,polyline,2,1,19.035,19.035,19.150,19.150,16.295,16.300,45.544,45.900,634.00,634.00,mapdata/dist-v3/karlsruhe-regbez/speeds_v3.sqlite
S3,SQLite/RTree,urban_transition,bbox,2,1,12.305,12.305,12.620,12.620,12.725,13.040,42.539,42.580,629.00,629.00,mapdata/dist-v3/karlsruhe-regbez/speeds_v3.sqlite
S3,SQLite/RTree,urban_transition,hybrid,2,1,14.925,14.925,15.140,15.140,14.070,14.260,43.889,43.906,629.00,629.00,mapdata/dist-v3/karlsruhe-regbez/speeds_v3.sqlite
S3,SQLite/RTree,urban_transition,polyline,2,1,18.960,18.960,19.070,19.070,16.155,16.210,45.714,45.725,629.00,629.00,mapdata/dist-v3/karlsruhe-regbez/speeds_v3.sqlite
