sign_class,crops,sightings,hf_replay_crops
pedestrian_crossing,646,272,618
give_way,623,252,579
no_parking,375,183,375
maxspeed:30,371,145,371
maxspeed:70,359,169,359
parking,343,234,298
hazard,284,110,282
priority:start,263,159,261
maxspeed:50,262,117,258
no_stop,249,135,249
hazard:pedestrian_crossing,144,55,144
hazard:road_works,139,70,135
arrow_right,132,89,125
maxspeed:40,126,56,123
no_overtaking,111,52,111
no_entry,109,51,102
hazard:wild_animals,107,43,107
hazard:school,102,26,102
hazard:traffic_signal,99,31,87
maxspeed:60,82,53,78
maxweight,81,39,79
maxspeed:80,75,37,63
hazard:slippery,73,34,73
hazard:intersection,70,20,70
tunnel:start,68,59,21
no_overtaking:hgv,67,55,10
no_way,66,40,61
maxspeed:100,46,29,33
zone:no_parking,40,24,40
pedestrian:start,32,24,32
hazard:bicycle,22,9,22
motorway:end,15,4,14
priority:forward,14,11,3
zone:30,13,7,13
hazard:zigzag:left,12,10,12
maxheight,10,6,10
hazard:rocks,8,4,8
no_pedestrian,7,2,7
exit,4,4,0
no_dangerous,4,4,4
no_u_turn,4,4,3
arrow_through,3,3,3
hazard:crossing,3,3,3
hazard:level_crossing,3,2,3
hazard:narrow_right,3,1,3
no_hgv,3,3,3
arrow:red,2,2,0
bad,2,2,0
hazard:narrow_both,2,2,0
Maximum speed 100 km/h,2,2,0
min_distance,2,2,2
Start of 30 km/h zone,2,2,0
stop,2,2,0
trunk:start,2,2,0
arrow_right_down,1,1,0
arrow_turn_right,1,1,0
bicycle:start,1,1,0
hazard:bumps,1,1,1
Maximum speed 50 km/h,1,1,0
no_dangerous_liquid,1,1,0
traffic_signal,1,1,0
